order_id,user_id,order_date,status,gross_amount,credit,currency,channel
O01221,U0147,2026-02-21,delivered,376.81,0.0,INR,ios
O01420,U0337,12-12-2025,delivered,2408.03,0.0,INR,web
O00169,U0206,2025-03-27,shipped,395.66,39.57,INR,ios
O01807,U0132,03-06-2026,delivered,1713.72,0.0,INR,web
O00274,U0204,2025-09-27,returned,971.81,0.0,INR,android
O01161,U0122,2026-07-05,cancelled,755.07,0.0,INR,android
O00356,U0184,31-07-2025,delivered,2470.4,0.0,INR,ios
O01403,U0070,2026-05-06,delivered,6.88,1.03,USD,ios
O00867,U0298,2026-07-02,placed,6.7,0.0,USD,web
O01308,U0114,2026/04/17,shipped,1973.69,394.74,INR,ios
O01054,U0025,2025/08/20,shipped,1175.96,0.0,INR,ios
O01835,U0347,02-05-2026,delivered,61.54,0.0,USD,android
O01061,U0184,2025-03-18,shipped,1974.68,197.47,INR,web
O01225,U0062,2026-05-27,placed,20.76,0.0,USD,ios
O00996,U0113,2026-05-27,delivered,840.06,0.0,INR,ios
O00573,U0386,2026-06-27,delivered,2453.66,0.0,INR,web
O00656,U0352,2025-10-26,placed,1768.33,0.0,INR,web
O01891,U0296,2025-12-30,returned,2262.7,226.27,INR,web
O01749,U0396,2026-01-03,delivered,5422.72,813.41,INR,ios
O01251,U0344,2026/02/26,returned,11.61,0.0,USD,android
O01249,U0389,21-07-2026,delivered,393.5,78.7,INR,web
O01981,U0364,2026-01-06,returned,2630.26,0.0,INR,web
O01615,U0050,30-03-2026,shipped,10.79,0.0,USD,android
O00413,U0029,2026-06-30,delivered,9.49,1.42,USD,web
O01463,U0110,2026/06/08,returned,29.36,1.47,USD,web
O01656,U0158,2026-07-22,cancelled,893.17,0.0,INR,web
O00832,U0127,2025-09-15,delivered,534.62,0.0,INR,web
O00330,U0083,08-06-2025,shipped,383.05,0.0,INR,android
O01919,U0044,18-06-2026,returned,397.41,0.0,INR,ios
O01068,U0041,2025-11-20,delivered,711.63,0.0,INR,web
O02069,U0064,2026-04-05,cancelled,1925.34,385.07,INR,ios
O00964,U0053,30-10-2025,returned,3599.91,539.99,INR,web
O01222,U0332,2026-06-01,shipped,13.5,2.02,USD,android
O00995,U0223,2026/06/12,shipped,4.99,0.0,USD,android
O00465,U0117,2026-04-08,delivered,3671.16,0.0,INR,android
O01761,U0103,2025-10-29,delivered,521.24,0.0,INR,android
O01447,U0178,2026-05-25,delivered,2342.66,234.27,INR,web
O02081,U0235,2026-05-08,returned,4.99,0.5,USD,web
O00379,U0114,22-07-2025,delivered,500.02,0.0,INR,web
O00613,U0222,2026-04-12,delivered,31.6,4.74,USD,web
O01346,U0121,2026-05-11,delivered,2981.73,0.0,INR,ios
O01655,U0282,2025-12-17,delivered,384.13,0.0,INR,web
O00989,U0095,2026-03-06,delivered,729.07,145.81,INR,android
O01666,U0426,2025/12/11,delivered,5098.9,0.0,INR,web
O00848,U0064,15-04-2026,shipped,5280.82,1056.16,INR,web
O00677,U0168,2026/06/23,delivered,3393.28,0.0,INR,ios
O01564,U0260,2026-01-16,returned,801.69,0.0,INR,web
O01641,U0266,2026/04/27,delivered,11.64,0.0,USD,web
O01872,U0002,2026-01-23,delivered,458.94,0.0,INR,web
O02079,U0050,11-06-2025,delivered,58.84,0.0,USD,web
O00878,U0366,2025-04-09,shipped,1912.21,0.0,INR,web
O00798,U0434,2026-06-10,cancelled,31.84,0.0,USD,web
O01102,U0373,2025-10-31,shipped,1914.31,0.0,INR,web
O00128,U0394,2026/07/03,cancelled,9.14,0.0,USD,ios
O00807,U0029,2026/05/01,shipped,10.36,0.0,USD,web
O01867,U0224,21-01-2026,placed,728.07,145.61,INR,web
O01263,U0133,2026-06-14,placed,524.19,0.0,INR,android
O00066,U0047,2025-09-07,delivered,5688.71,568.87,INR,ios
O01423,U0246,10-07-2025,placed,1276.15,0.0,INR,web
O00165,U0141,2026-03-17,cancelled,930.44,0.0,INR,ios
O01430,U0189,2026-07-21,shipped,827.9,82.79,INR,web
O02036,U0056,2025-12-21,delivered,362.05,0.0,INR,web
O02067,U0278,2026-07-11,returned,356.12,0.0,INR,web
O00215,U0156,2025/10/01,delivered,3695.87,0.0,INR,web
O01492,U0099,2025-09-15,cancelled,10.3,0.0,USD,web
O01391,U0079,2026/04/26,delivered,463.33,23.17,INR,ios
O01797,U0080,2026-07-16,placed,729.45,72.95,INR,android
O00039,U0005,2026-07-03,cancelled,10.91,0.0,USD,android
O00767,U0269,2026-03-26,delivered,372.57,18.63,INR,android
O01892,U0250,23-02-2026,shipped,1206.05,60.3,INR,ios
O01007,U0022,2025-07-05,placed,1729.04,0.0,INR,web
O00597,U0298,2026-06-09,delivered,5.64,0.85,USD,android
O01418,U0138,2026-02-26,returned,714.49,0.0,INR,ios
O01311,U0383,2025-10-02,delivered,1859.93,0.0,INR,web
O01843,U0395,06-10-2025,delivered,3634.68,0.0,INR,web
O01916,U0017,2026-06-16,returned,551.42,27.57,INR,web
O01693,U0312,2025-11-16,returned,4.99,0.0,USD,android
O00721,U0106,2025-10-26,returned,5.42,0.0,USD,web
O00132,U0267,2026-06-26,returned,940.67,47.03,INR,ios
O01331,U0103,2025-09-24,placed,509.8,0.0,INR,web
O01045,U0056,2026-07-07,placed,45.1,0.0,USD,web
O01258,U0231,2026-05-29,delivered,984.64,0.0,INR,ios
O01624,U0267,2026-07-19,delivered,4979.07,0.0,INR,web
O02084,U0398,2026-07-14,delivered,467.89,93.58,INR,android
O01393,U0228,2026-02-18,delivered,520.2,0.0,INR,ios
O01773,U0343,2026/07/10,delivered,4829.43,0.0,INR,ios
O00581,U0407,15-07-2026,cancelled,6.37,0.0,USD,ios
O00189,U0401,2026-05-22,delivered,396.87,19.84,INR,web
O01778,U0193,2025-05-05,delivered,5700.8,1140.16,INR,ios
O01304,U0371,21-06-2025,returned,655.68,0.0,INR,ios
O01039,U0104,11-01-2026,shipped,395.29,0.0,INR,web
O01647,U0375,24-02-2026,cancelled,1703.03,0.0,INR,web
O01886,U0155,2026-06-12,delivered,4.99,0.75,USD,android
O02065,U0108,31-01-2026,returned,66.85,0.0,USD,android
O00969,U0041,2025-08-07,delivered,954.5,0.0,INR,ios
O00313,U0127,01-08-2025,placed,630.88,63.09,INR,web
O00365,U0191,2025/11/23,delivered,5249.92,787.49,INR,ios
O00447,U0099,2025/06/25,returned,6.3,0.0,USD,android
O01020,U0341,2026/01/26,returned,1727.82,0.0,INR,ios
O00195,U0106,2026-04-03,delivered,66.95,6.7,USD,web
O01834,U0232,15-10-2025,shipped,45.14,0.0,USD,web
O00312,U0279,2026-04-20,cancelled,4.99,0.0,USD,web
O00097,U0013,2026-04-24,shipped,10.3,0.52,USD,web
O01793,U0073,2025-08-18,delivered,54.34,0.0,USD,web
O01770,U0107,24-07-2026,cancelled,1302.86,195.43,INR,web
O00930,U0421,2026-01-22,returned,2783.6,0.0,INR,android
O01213,U0169,2026-07-14,delivered,2781.97,0.0,INR,ios
O01417,U0223,24-06-2026,delivered,23.64,1.18,USD,web
O01471,U0042,2025-11-30,delivered,5252.05,262.6,INR,web
O01209,U0199,2026-01-29,cancelled,9.54,0.0,USD,ios
O01060,U0211,2026-07-01,returned,1026.6,0.0,INR,web
O00646,U0102,30-03-2026,shipped,32.31,0.0,USD,web
O00001,U0043,05-03-2026,delivered,17.03,0.0,USD,android
O00426,U0416,2026-01-10,returned,5499.5,824.92,INR,web
O02056,U0420,2026-06-18,shipped,1269.44,0.0,INR,web
O01183,U0050,2026-07-01,placed,7.87,0.0,USD,web
O01982,U0135,2026-06-17,delivered,4.99,0.0,USD,web
O00524,U0379,09-04-2026,returned,32.63,6.53,USD,web
O00418,U0032,2026-04-18,returned,11.15,0.0,USD,ios
O00117,U0210,2025-10-04,delivered,2041.2,204.12,INR,android
O00853,U0072,12-02-2026,delivered,4.99,0.0,USD,ios
O00016,U0177,03-06-2026,placed,3446.21,344.62,INR,ios
O00706,U0065,2025/07/26,shipped,6.48,1.3,USD,ios
O00924,U0173,2026-06-18,cancelled,3051.31,305.13,INR,ios
O00021,U0017,2026/06/19,returned,854.26,0.0,INR,android
O01966,U0361,2026/04/22,returned,15.88,0.79,USD,web
O01383,U0330,2026-02-18,shipped,796.67,0.0,INR,android
O00820,U0018,2026/05/24,cancelled,760.82,0.0,INR,android
O00531,U0268,2025-11-07,shipped,3684.86,0.0,INR,web
O00357,U0348,16-06-2026,returned,674.42,0.0,INR,android
O00448,U0384,2026-05-15,delivered,1019.29,0.0,INR,ios
O01298,U0135,19-07-2026,delivered,39.82,1.99,USD,android
O01629,U0128,2025-12-09,cancelled,745.32,0.0,INR,android
O02009,U0353,28-05-2025,delivered,459.8,0.0,INR,android
O01141,U0271,2026/01/03,shipped,2068.32,103.42,INR,android
O00536,U0029,2026-07-09,delivered,450.63,0.0,INR,ios
O00068,U0058,2025-10-28,delivered,1978.01,0.0,INR,web
O00637,U0051,2026-05-27,delivered,5040.29,0.0,INR,web
O01149,U0204,2026-07-09,placed,8.52,1.28,USD,web
O00144,U0339,2026/06/07,delivered,37.76,0.0,USD,web
O01081,U0246,2026-02-28,placed,322.06,48.31,INR,web
O00792,U0432,2026-04-09,shipped,15.87,3.17,USD,android
O01371,U0392,2026-07-08,delivered,1915.93,0.0,INR,android
O00368,U0098,2025-07-27,delivered,919.03,183.81,INR,ios
O00568,U0257,2026/07/14,cancelled,4.99,1.0,USD,ios
O00813,U0278,07-06-2026,delivered,2714.46,0.0,INR,android
O01734,U0398,2026/05/05,delivered,700.14,0.0,INR,web
O00797,U0236,2026-05-31,delivered,1825.44,0.0,INR,ios
O00600,U0027,2026-06-03,delivered,1849.44,0.0,INR,web
O01632,U0350,2026/02/22,cancelled,371.02,0.0,INR,ios
O00438,U0216,29-12-2025,delivered,28.62,2.86,USD,web
O00427,U0406,2026/06/17,delivered,1029.44,205.89,INR,web
O00787,U0191,2025-12-13,placed,341.35,51.2,INR,ios
O00204,U0367,2026-06-16,placed,366.77,0.0,INR,web
O00628,U0057,2026-05-27,returned,1656.07,0.0,INR,web
O00118,U0264,2026-05-12,delivered,9.4,1.41,USD,web
O00256,U0297,2026/06/08,shipped,369.98,0.0,INR,ios
O01595,U0386,2026-05-05,delivered,374.4,0.0,INR,ios
O02037,U0038,2026-05-07,placed,522.37,104.47,INR,web
O00500,U0089,10-03-2026,placed,41.45,0.0,USD,web
O01317,U0411,10-08-2025,returned,39.4,0.0,USD,web
O00405,U0075,2026-01-18,delivered,11.66,0.0,USD,web
O00286,U0247,2026-06-28,shipped,67.93,10.19,USD,android
O01936,U0041,2026/03/07,cancelled,3712.01,0.0,INR,ios
O00052,U0312,2026-06-18,delivered,9.86,1.48,USD,ios
O00946,U0093,2025-12-13,delivered,390.14,0.0,INR,android
O01072,U0010,2026-02-07,cancelled,6.58,1.32,USD,web
O00696,U0027,09-06-2026,shipped,15.21,2.28,USD,ios
O01500,U0187,2025/09/24,delivered,7.58,0.76,USD,android
O01999,U0086,2026-07-17,delivered,718.52,0.0,INR,web
O00470,U0036,2026-04-27,cancelled,28.98,5.8,USD,ios
O01839,U0053,2026-06-04,placed,340.92,0.0,INR,web
O00064,U0286,29-03-2026,placed,346.83,0.0,INR,web
O01627,U0367,2026-01-21,returned,2999.45,0.0,INR,ios
O01269,U0231,13-01-2026,shipped,325.95,0.0,INR,android
O00375,U0415,13-06-2026,delivered,1802.96,0.0,INR,web
O02074,U0278,2026/06/01,cancelled,490.12,0.0,INR,web
O01047,U0038,2026-03-20,delivered,2824.28,0.0,INR,android
O01557,U0419,2026-04-22,delivered,989.98,0.0,INR,web
O00894,U0410,17-07-2026,returned,456.55,0.0,INR,web
O00275,U0241,2026-05-24,placed,494.45,98.89,INR,web
O00404,U0158,2026-04-30,delivered,390.6,0.0,INR,android
O00804,U0108,2025-11-01,delivered,5.98,0.0,USD,web
O00713,U0286,2026-03-13,cancelled,825.93,82.59,INR,ios
O00920,U0409,2025/08/22,delivered,20.32,0.0,USD,ios
O00406,U0101,2026-01-28,placed,3380.87,0.0,INR,ios
O01291,U0417,2026-02-12,shipped,1810.24,0.0,INR,web
O02047,U0417,03-02-2026,delivered,334.92,0.0,INR,web
O00462,U0084,2025-12-06,returned,526.03,0.0,INR,web
O00819,U0122,2026-07-09,placed,735.14,0.0,INR,web
O02000,U0194,2026-07-10,shipped,9.37,1.87,USD,web
O01104,U0434,2026-05-20,placed,6.56,0.0,USD,web
O00972,U0160,2025-11-17,placed,889.9,177.98,INR,web
O01795,U0419,2026-06-12,delivered,6.14,1.23,USD,ios
O00796,U0049,2026-07-12,placed,3489.5,0.0,INR,web
O01554,U0432,2026-03-25,delivered,6.14,0.0,USD,web
O00742,U0251,08-04-2026,delivered,1168.39,0.0,INR,web
O00035,U0248,2026-06-02,delivered,58.74,0.0,USD,android
O00314,U0033,2026-04-04,delivered,29.37,0.0,USD,android
O00096,U0280,2026-02-19,delivered,15.84,0.0,USD,web
O01123,U0233,2026-03-29,cancelled,21.31,1.07,USD,web
O00882,U0325,2026-05-04,delivered,554.83,0.0,INR,web
O01411,U0378,2026-05-06,placed,43.35,0.0,USD,android
O01933,U0337,2026-05-07,placed,1660.39,0.0,INR,web
O00937,U0209,2025-10-16,delivered,684.95,0.0,INR,android
O01561,U0307,2026-03-28,placed,1880.25,0.0,INR,web
O00194,U0413,2026-06-07,returned,367.09,55.06,INR,web
O00553,U0191,2026-01-15,delivered,2703.5,0.0,INR,web
O01299,U0380,2026-06-24,returned,2627.03,0.0,INR,android
O01680,U0063,2026-04-22,placed,704.11,35.21,INR,web
O01358,U0028,2026-01-08,delivered,11.13,0.0,USD,web
O00514,U0065,2026-05-23,delivered,559.68,0.0,INR,web
O00154,U0040,2026-04-01,placed,68.44,0.0,USD,web
O01315,U0329,10-02-2026,returned,1152.61,0.0,INR,web
O01852,U0284,2026/01/26,placed,4.99,0.0,USD,web
O01280,U0434,2026/05/30,delivered,983.94,0.0,INR,ios
O01926,U0058,2026-02-23,cancelled,344.88,0.0,INR,web
O01863,U0208,2026/06/27,delivered,545.87,0.0,INR,android
O00347,U0069,2026/06/02,delivered,1011.41,202.28,INR,web
O02102,U9121,19-02-2026,delivered,17.74,0.0,USD,android
O01938,U0056,2026-01-31,cancelled,55.2,5.52,USD,android
O01954,U0210,2026-05-15,delivered,4.99,0.0,USD,web
O01176,U0182,2026-07-02,returned,3494.17,0.0,INR,ios
O01156,U0071,2026-03-13,shipped,3258.1,488.71,INR,web
O00399,U0307,2026-05-09,delivered,5333.0,0.0,INR,web
O01278,U0185,2026/01/17,placed,381.89,0.0,INR,web
O01089,U0432,2026-03-10,returned,7.67,0.0,USD,web
O01515,U0052,16-06-2026,delivered,10.44,0.0,USD,android
O01808,U0050,2025/10/19,returned,922.36,0.0,INR,web
O00788,U0133,2026-01-19,delivered,55.58,2.78,USD,ios
O00620,U0220,2026-02-17,shipped,744.5,37.23,INR,web
O01548,U0299,28-04-2026,delivered,1656.29,0.0,INR,web
O01386,U0396,2025/08/09,delivered,4684.53,468.45,INR,web
O00632,U0218,2026-06-05,returned,5.97,0.0,USD,web
O01042,U0432,2026-07-09,delivered,894.45,44.72,INR,web
O00595,U0054,2026/02/24,delivered,459.37,0.0,INR,web
O00210,U0276,24-06-2026,placed,39.2,3.92,USD,ios
O01788,U0058,2025-07-12,placed,5221.17,0.0,INR,ios
O01532,U0259,2026-04-10,delivered,22.54,0.0,USD,web
O01028,U0157,2026-03-11,cancelled,27.21,1.36,USD,web
O01143,U0296,2026/04/28,placed,34.25,6.85,USD,web
O01953,U0411,2026-03-11,delivered,10.46,0.0,USD,web
O00883,U0152,12-02-2026,delivered,14.46,0.0,USD,ios
O00638,U0352,2026-02-20,shipped,857.67,85.77,INR,android
O01568,U0365,2026/07/04,cancelled,1873.79,93.69,INR,web
O00800,U0028,19-06-2026,delivered,5.83,0.0,USD,web
O00790,U0213,2025-09-25,delivered,330.71,0.0,INR,ios
O01455,U0230,2026-01-07,delivered,8.95,1.34,USD,android
O00666,U0421,2025-09-01,placed,61.18,0.0,USD,ios
O00841,U0377,2025-12-24,cancelled,2480.18,0.0,INR,web
O02097,U0344,2026-01-10,cancelled,333.58,66.72,INR,ios
O00116,U0176,16-04-2026,delivered,10.72,0.0,USD,web
O00355,U0123,12-10-2025,delivered,8.98,0.0,USD,web
O00968,U0070,2025/11/11,placed,5.81,0.58,USD,web
O00087,U0038,2026/04/13,delivered,825.22,0.0,INR,web
O00247,U0042,2025-12-09,placed,364.87,54.73,INR,ios
O01583,U0130,2026-01-19,shipped,525.71,0.0,INR,web
O01524,U0110,2026/07/04,cancelled,2475.35,0.0,INR,web
O00324,U0301,2026-01-26,placed,3224.78,644.96,INR,web
O00435,U0306,2026-07-03,returned,24.22,0.0,USD,web
O00903,U0137,16-04-2026,placed,19.89,0.0,USD,web
O00107,U0065,2026-02-09,delivered,8.0,0.0,USD,web
O00030,U0187,2026/04/25,returned,395.12,59.27,INR,ios
O01971,U0429,2026-05-21,delivered,1756.88,175.69,INR,android
O00393,U0361,2026-04-18,delivered,6.72,0.0,USD,android
O01756,U0310,2025/08/22,delivered,712.35,71.23,INR,web
O01166,U0122,2026-07-12,shipped,652.09,97.81,INR,android
O01577,U0324,2026-06-01,returned,9.21,0.0,USD,android
O00253,U0391,2026-04-25,cancelled,1665.07,0.0,INR,ios
O01051,U0220,2025-12-17,placed,2035.73,101.79,INR,android
O01806,U0028,2025-11-30,shipped,2527.37,0.0,INR,web
O00351,U0402,2026-02-20,delivered,5.96,0.0,USD,web
O01831,U0190,2026-07-02,delivered,399.27,19.96,INR,web
O01809,U0035,2025-09-21,shipped,925.16,0.0,INR,ios
O00984,U0328,08-07-2026,placed,16.92,1.69,USD,ios
O00794,U0373,2025-10-30,delivered,1320.55,0.0,INR,ios
O01890,U0245,2025-12-25,returned,3281.45,0.0,INR,web
O01619,U0404,2026/06/19,placed,2554.14,0.0,INR,ios
O00686,U0289,2026-05-24,placed,1273.04,0.0,INR,ios
O01978,U0039,2025-11-09,cancelled,5608.93,560.89,INR,web
O01705,U0210,01-02-2026,delivered,21.07,0.0,USD,web
O00088,U0101,2025-10-20,delivered,3659.23,365.92,INR,android
O00302,U0415,2025-09-05,delivered,489.78,0.0,INR,web
O00329,U0183,2025/08/30,delivered,514.47,0.0,INR,android
O00232,U0363,2025-12-28,placed,6.82,0.68,USD,ios
O01429,U0052,2026-04-26,placed,34.01,0.0,USD,web
O00993,U0032,2026-06-12,delivered,4.99,0.25,USD,web
O01289,U0052,2026-05-13,delivered,10.11,0.0,USD,web
O01783,U0117,2026-06-21,cancelled,5415.66,0.0,INR,web
O01858,U0381,2026-06-29,delivered,8.53,1.71,USD,ios
O01395,U0221,10-04-2026,delivered,65.97,0.0,USD,web
O01946,U0353,2025-08-23,returned,377.81,56.67,INR,web
O01992,U0265,25-03-2025,shipped,36.79,7.36,USD,ios
O00505,U0335,20-07-2026,returned,54.11,0.0,USD,android
O00729,U0211,30-05-2026,cancelled,794.15,0.0,INR,web
O01616,U0009,2026/05/23,delivered,380.89,0.0,INR,android
O01448,U0059,2026-05-31,returned,478.88,23.94,INR,web
O00756,U0381,25-06-2026,shipped,15.66,2.35,USD,android
O01673,U0091,2025-12-16,returned,4.99,0.25,USD,android
O01599,U0234,23-04-2026,shipped,5352.16,0.0,INR,android
O00007,U0034,2025-12-24,returned,3534.18,0.0,INR,web
O00317,U0072,2026-02-02,returned,4.99,0.0,USD,web
O01466,U0140,2026-07-04,delivered,3756.31,0.0,INR,web
O00054,U0072,2026-01-20,returned,11.18,0.56,USD,web
O00290,U0392,2026-07-06,delivered,63.93,3.2,USD,web
O01114,U0148,13-04-2026,cancelled,1380.61,0.0,INR,ios
O01521,U0158,2026-04-23,delivered,17.19,0.0,USD,ios
O00732,U0038,2026-06-24,delivered,716.54,0.0,INR,web
O00643,U0335,2026/06/30,placed,8.85,0.44,USD,web
O00378,U0406,2026-05-29,delivered,1784.37,89.22,INR,android
O01512,U0056,15-07-2026,delivered,65.66,0.0,USD,web
O00542,U0428,02-05-2025,delivered,453.69,0.0,INR,web
O01531,U0203,2026-07-23,cancelled,335.21,33.52,INR,ios
O00527,U0074,2026/01/17,delivered,327.54,0.0,INR,web
O00214,U0191,11-06-2025,shipped,797.15,0.0,INR,android
O01457,U0058,2025/08/20,delivered,790.13,39.51,INR,android
O01552,U0317,2026/04/22,delivered,2650.02,0.0,INR,web
O01203,U0254,2026-07-12,cancelled,1222.65,0.0,INR,android
O02059,U0314,2026-05-07,shipped,1200.23,0.0,INR,web
O01396,U0424,2026-01-13,delivered,686.68,0.0,INR,android
O00738,U0392,2026-03-15,returned,359.61,0.0,INR,ios
O00884,U0417,2026-01-20,delivered,5070.59,760.59,INR,web
O01497,U0100,11-07-2025,placed,3259.54,0.0,INR,android
O00254,U0122,2026-07-18,shipped,1020.56,0.0,INR,android
O00181,U0106,2025-09-30,delivered,3385.08,507.76,INR,web
O01688,U0185,2026-02-10,delivered,2274.64,0.0,INR,web
O00669,U0139,2026-06-19,delivered,781.9,117.28,INR,web
O00012,U0262,2026-07-06,delivered,450.67,0.0,INR,ios
O01526,U0413,2026/06/22,placed,678.0,0.0,INR,web
O01408,U0382,2026-01-20,delivered,371.02,0.0,INR,web
O01683,U0386,2026-04-13,delivered,3586.7,0.0,INR,ios
O00668,U0188,2026/07/04,shipped,1769.4,0.0,INR,ios
O01882,U0309,08-07-2026,delivered,27.52,2.75,USD,android
O00839,U0220,07-08-2025,delivered,1945.37,0.0,INR,web
O00541,U0007,15-04-2026,returned,5.85,0.0,USD,web
O01530,U0203,2026-06-24,placed,386.77,0.0,INR,web
O00854,U0067,2026-04-27,shipped,21.01,0.0,USD,web
O00042,U0005,2026-06-26,delivered,39.12,0.0,USD,ios
O01841,U0132,21-01-2026,delivered,955.43,0.0,INR,android
O01319,U0248,2026/03/30,placed,58.26,0.0,USD,ios
O00910,U0285,2026-01-12,cancelled,7.78,0.0,USD,web
O01394,U0280,2026-06-13,cancelled,10.66,0.0,USD,android
O00615,U0013,2026-06-08,placed,33.12,0.0,USD,android
O00150,U0064,09-11-2025,delivered,335.45,0.0,INR,android
O00434,U0308,2026-05-30,shipped,27.49,4.12,USD,web
O00276,U0231,2026-01-13,delivered,3487.46,0.0,INR,web
O00499,U0342,09-05-2026,returned,2670.66,0.0,INR,android
O00671,U0058,2025/07/09,delivered,790.62,0.0,INR,ios
O01768,U0053,2025-12-26,delivered,666.64,100.0,INR,web
O02058,U0142,05-06-2026,returned,13.67,0.0,USD,web
O00237,U0415,2025-08-19,cancelled,397.63,19.88,INR,android
O00026,U0356,2026/03/08,placed,36.06,0.0,USD,ios
O01494,U0029,2026-01-18,delivered,22.58,0.0,USD,web
O01008,U0414,2026-02-21,delivered,4.99,0.0,USD,ios
O01603,U0337,2025-08-26,returned,1420.05,71.0,INR,ios
O00772,U0055,2026/06/05,returned,1621.24,0.0,INR,ios
O01450,U0180,08-06-2025,shipped,2653.6,132.68,INR,ios
O00429,U0393,2026-07-24,returned,5.72,0.57,USD,web
O01824,U0285,2026-07-11,cancelled,67.27,13.45,USD,android
O00160,U0434,30-06-2026,delivered,966.82,0.0,INR,web
O00961,U0086,13-07-2026,shipped,39.85,3.99,USD,web
O01840,U0299,2026-06-08,returned,1031.86,0.0,INR,web
O00649,U0311,2026/07/07,delivered,4.99,0.0,USD,web
O01893,U0367,17-04-2026,returned,512.16,0.0,INR,web
O01434,U0193,2025-04-24,returned,5287.11,793.07,INR,ios
O00017,U0383,30-01-2026,shipped,2472.9,0.0,INR,android
O01573,U0250,2026-07-11,cancelled,356.74,0.0,INR,ios
O01983,U0122,2026-07-11,delivered,842.79,126.42,INR,android
O01035,U0134,2026-01-27,delivered,704.15,0.0,INR,web
O01349,U0019,2025-10-25,returned,10.24,0.0,USD,web
O01918,U0406,2026-06-11,returned,958.84,95.88,INR,web
O01677,U0162,2025-12-27,cancelled,3440.69,0.0,INR,ios
O00893,U0081,2025-10-17,returned,11.89,0.0,USD,ios
O00186,U0130,2026-01-18,placed,6.27,0.0,USD,web
O00220,U0180,2026/04/24,shipped,20.36,4.07,USD,ios
O01158,U0273,2026/02/21,cancelled,4.99,0.0,USD,ios
O00917,U0097,2026-01-29,placed,2992.72,0.0,INR,web
O00503,U0061,2026-03-26,placed,5.67,0.0,USD,web
O00216,U0259,2026-03-26,cancelled,34.49,0.0,USD,web
O00564,U0165,2026-01-08,delivered,865.03,0.0,INR,web
O00336,U0084,2026-02-04,shipped,2825.16,423.77,INR,ios
O00193,U0187,2025-09-09,delivered,802.49,120.37,INR,web
O01103,U0365,2026-05-21,placed,755.57,151.11,INR,web
O01159,U0354,2026-03-07,delivered,23.62,0.0,USD,android
O00717,U0288,2026-06-16,delivered,61.13,0.0,USD,web
O00121,U0348,2026/07/02,delivered,816.62,40.83,INR,android
O00684,U0143,2026/06/09,cancelled,13.72,0.0,USD,web
O00811,U0287,2026/04/25,delivered,1212.27,242.45,INR,ios
O01719,U0310,02-06-2025,cancelled,4.99,0.0,USD,web
O01718,U0241,2025-06-04,delivered,1003.15,50.16,INR,web
O01856,U0008,2026-06-14,delivered,863.62,0.0,INR,web
O00488,U0003,05-09-2025,placed,639.2,0.0,INR,web
O01248,U0423,2026-07-03,shipped,485.5,48.55,INR,android
O00567,U0166,2025-09-05,delivered,20.69,1.03,USD,web
O01589,U0107,2026-01-24,delivered,28.02,4.2,USD,web
O00835,U0180,2026-04-21,shipped,16.98,0.85,USD,android
O01360,U0417,2026/05/07,placed,1335.19,0.0,INR,web
O01154,U0425,2026-07-03,placed,3784.39,0.0,INR,web
O00127,U0021,2025-12-01,delivered,61.87,0.0,USD,web
O01642,U0347,2026-06-26,delivered,23.69,0.0,USD,ios
O00726,U0421,22-04-2025,delivered,32.56,0.0,USD,web
O01819,U0352,29-06-2025,delivered,3537.33,0.0,INR,web
O00263,U0347,2026-06-24,returned,2489.16,0.0,INR,web
O01960,U0369,2026-06-20,delivered,391.82,58.77,INR,web
O01377,U0420,2026-06-17,delivered,1302.1,65.11,INR,android
O01098,U0283,2026-04-15,cancelled,8.75,1.75,USD,web
O00442,U0111,2025-11-04,delivered,10.33,0.0,USD,web
O01010,U0348,2026-07-12,shipped,1656.3,0.0,INR,web
O00441,U0101,2025-10-24,delivered,694.38,0.0,INR,ios
O00892,U0422,26-06-2026,returned,1311.1,0.0,INR,ios
O00626,U0029,2026/07/13,delivered,2325.06,0.0,INR,ios
O00818,U0083,2026-01-31,delivered,526.82,0.0,INR,ios
O01036,U0288,02-07-2026,cancelled,21.58,0.0,USD,web
O01822,U0103,2026-01-29,delivered,3255.75,325.58,INR,ios
O00606,U0416,2025-05-22,delivered,10.93,1.09,USD,ios
O01651,U0425,2026-06-13,placed,15.16,3.03,USD,ios
O01681,U0012,2026-04-08,returned,3030.35,0.0,INR,android
O00808,U0261,2026-02-03,returned,907.17,90.72,INR,android
O01414,U0198,2026-06-22,placed,5651.44,0.0,INR,android
O01612,U0375,09-11-2025,delivered,3615.71,180.79,INR,web
O02119,U9341,2026/04/10,cancelled,960.57,0.0,INR,android
O00708,U0397,2026-06-28,cancelled,16.06,0.0,USD,web
O01914,U0404,2026-05-13,delivered,2358.65,353.8,INR,web
O01885,U0049,2025-12-09,placed,2538.53,507.71,INR,web
O00998,U0189,18-07-2026,delivered,37.04,0.0,USD,web
O00414,U0251,21-03-2026,delivered,2585.1,517.02,INR,android
O01995,U0032,2026-06-21,delivered,1654.28,82.71,INR,web
O01287,U0047,2025-12-12,cancelled,966.91,0.0,INR,web
O01848,U0269,2026-02-23,cancelled,1930.49,0.0,INR,web
O01353,U0003,2025-10-22,delivered,2986.58,0.0,INR,android
O01018,U0186,2026/06/15,delivered,1254.47,0.0,INR,web
O01277,U0003,2025/03/30,delivered,721.89,0.0,INR,ios
O01578,U0201,2026-01-09,placed,38.92,7.78,USD,web
O01365,U0172,2026-03-01,returned,67.38,10.11,USD,web
O02045,U0256,2026-03-08,cancelled,729.65,72.97,INR,android
O01486,U0028,2026-04-16,delivered,6.24,0.0,USD,ios
O01113,U0001,2025-11-27,delivered,1021.88,0.0,INR,ios
O01785,U0244,2026-02-28,returned,62.25,0.0,USD,ios
O01057,U0157,2025-11-17,returned,5.65,0.0,USD,ios
O00467,U0340,2025-10-20,delivered,3430.04,171.5,INR,web
O01671,U0018,2026/07/08,delivered,56.93,2.85,USD,android
O01973,U0301,2026-03-21,placed,738.36,147.67,INR,web
O01751,U0302,2026-07-06,delivered,42.43,0.0,USD,ios
O01000,U0129,30-04-2026,delivered,370.95,18.55,INR,ios
O01837,U0269,2026-01-11,returned,728.93,145.79,INR,android
O01740,U0356,2026-05-26,placed,1886.0,188.6,INR,web
O00532,U0416,17-08-2025,delivered,32.68,0.0,USD,web
O00353,U0157,2026-06-11,shipped,24.72,3.71,USD,ios
O02115,U9720,2026-01-31,delivered,2752.35,0.0,INR,android
O01975,U0265,2026-07-15,delivered,652.39,0.0,INR,android
O00863,U0090,2025-07-16,delivered,57.38,2.87,USD,ios
O01547,U0298,2026-07-08,delivered,29.21,0.0,USD,web
O01464,U0241,22-01-2026,delivered,1895.41,0.0,INR,ios
O00777,U0063,07-02-2026,cancelled,9.39,1.88,USD,web
O00439,U0111,2025-09-25,placed,4.99,0.0,USD,web
O01716,U0109,2025-10-16,returned,63.37,0.0,USD,ios
O01034,U0397,08-06-2026,delivered,11.04,1.66,USD,android
O00225,U0238,2026-07-14,delivered,15.7,0.0,USD,web
O00577,U0384,2026-07-09,cancelled,28.82,0.0,USD,ios
O00450,U0415,2025/12/12,delivered,710.72,0.0,INR,web
O00267,U0261,2026-02-28,delivered,2251.52,450.3,INR,web
O01300,U0324,2026/03/20,delivered,8.52,0.0,USD,android
O01240,U0210,2026-02-15,cancelled,20.54,0.0,USD,android
O01079,U0159,19-06-2026,delivered,452.53,67.88,INR,android
O01957,U0131,2025-12-25,delivered,527.59,26.38,INR,android
O01898,U0066,2026/07/23,delivered,9.41,0.0,USD,ios
O01078,U0300,2025/03/16,placed,8.42,0.0,USD,ios
O01125,U0265,2025/06/13,delivered,4.99,0.0,USD,web
O01833,U0264,10-07-2026,delivered,66.43,3.32,USD,android
O02023,U0336,2026-03-25,shipped,485.47,0.0,INR,web
O00650,U0153,2025-05-24,placed,1127.07,0.0,INR,ios
O00906,U0154,2025/06/21,delivered,3591.06,179.55,INR,web
O01351,U0096,2026-07-22,delivered,942.66,0.0,INR,web
O00342,U0342,2026-04-01,delivered,470.75,70.61,INR,web
O00111,U0180,2025-03-25,cancelled,4.99,0.0,USD,ios
O01537,U0099,23-03-2026,delivered,58.96,2.95,USD,android
O01053,U0211,2026-05-13,delivered,5120.87,768.13,INR,ios
O00395,U0127,2026/04/15,delivered,3037.07,607.41,INR,android
O00701,U0408,2026-07-21,shipped,663.32,0.0,INR,web
O00511,U0255,01-08-2025,delivered,14.3,0.0,USD,web
O00018,U0187,2026-06-18,cancelled,30.01,6.0,USD,web
O00719,U0044,2026/06/19,delivered,3022.27,0.0,INR,android
O01826,U0242,2026-07-06,placed,353.67,53.05,INR,web
O01813,U0424,2025/05/25,delivered,40.81,0.0,USD,ios
O00243,U0310,2026-01-15,placed,1785.43,0.0,INR,web
O01369,U0423,2026-01-07,shipped,524.01,78.6,INR,android
O01828,U0200,2025-12-23,shipped,32.92,4.94,USD,android
O01661,U0329,2026-01-25,returned,483.91,0.0,INR,web
O01100,U0203,2026-07-16,cancelled,6.85,0.69,USD,web
O01120,U0257,2026-05-06,delivered,43.9,0.0,USD,ios
O02076,U0104,2025-04-03,delivered,353.67,70.73,INR,web
O02099,U0368,2026-03-09,delivered,1244.16,0.0,INR,web
O00602,U0340,2025-07-27,shipped,2634.12,0.0,INR,android
O00904,U0263,2025-07-13,returned,400.45,0.0,INR,web
O01198,U0351,2026/05/17,shipped,450.03,0.0,INR,ios
O00244,U0351,2026-05-17,delivered,357.6,17.88,INR,web
O01855,U0227,2026/05/20,cancelled,2844.44,0.0,INR,android
O00452,U0309,2025-11-30,placed,1808.29,0.0,INR,web
O02038,U0158,2025-12-18,delivered,27.3,0.0,USD,web
O00757,U0272,2026-01-29,returned,1026.74,0.0,INR,web
O00608,U0007,2026-02-19,cancelled,38.5,0.0,USD,android
O00779,U0087,19-04-2025,shipped,2672.26,0.0,INR,web
O00361,U0077,2025-11-12,delivered,8.71,0.44,USD,android
O00322,U0035,10-03-2026,delivered,6.81,0.0,USD,android
O01810,U0281,2026-02-05,cancelled,68.05,6.8,USD,web
O01449,U0169,2025-07-30,cancelled,484.62,0.0,INR,web
O01026,U0079,2026/04/03,delivered,1302.44,0.0,INR,ios
O01038,U0325,2026-01-30,delivered,14.76,0.0,USD,web
O00703,U0325,2026-04-17,placed,38.73,7.75,USD,ios
O00905,U0350,2026/06/25,returned,378.63,37.86,INR,web
O00349,U0258,2026/06/30,shipped,562.59,56.26,INR,web
O01005,U0024,2025-10-08,placed,388.56,0.0,INR,android
O01934,U0107,2026-03-29,cancelled,9.32,0.0,USD,web
O01327,U0242,2026/04/24,cancelled,4.99,0.0,USD,android
O00103,U0332,2025/09/25,returned,5.46,0.0,USD,ios
O00271,U0007,2026-04-02,delivered,326.86,0.0,INR,web
O01033,U0316,2026-05-12,shipped,9.26,0.0,USD,android
O01282,U0195,06-01-2026,placed,334.66,0.0,INR,web
O01412,U0367,2025-09-27,cancelled,1380.66,0.0,INR,android
O01333,U0244,19-02-2026,placed,10.71,0.0,USD,ios
O00791,U0268,13-10-2025,delivered,557.12,27.86,INR,android
O00348,U0063,2026-04-27,cancelled,969.63,0.0,INR,ios
O00523,U0428,2026/05/18,delivered,528.47,52.85,INR,web
O00988,U0051,2026-02-19,shipped,760.4,0.0,INR,web
O01310,U0327,2026-06-07,cancelled,2386.84,119.34,INR,ios
O00765,U0235,2026-03-14,placed,39.75,0.0,USD,web
O01605,U0125,2026-04-29,delivered,2527.73,0.0,INR,ios
O01608,U0223,29-04-2026,shipped,2434.9,0.0,INR,web
O01292,U0306,2026-05-29,delivered,64.55,0.0,USD,android
O00704,U0122,2026-06-20,cancelled,347.35,0.0,INR,android
O00660,U0250,2025-11-26,delivered,3033.03,303.3,INR,android
O01002,U0387,08-12-2025,delivered,6.13,0.31,USD,ios
O01150,U0354,2025-08-27,placed,779.33,38.97,INR,android
O00062,U0095,2025-12-12,cancelled,325.4,48.81,INR,android
O01516,U0154,2025-12-06,placed,31.28,0.0,USD,web
O00909,U0105,2026-03-05,shipped,8.91,0.0,USD,android
O01055,U0235,2026-03-02,cancelled,15.51,0.0,USD,ios
O01137,U0037,2026-07-17,delivered,67.05,0.0,USD,web
O00377,U0349,2025-12-11,returned,4.99,0.0,USD,web
O01307,U0041,26-11-2025,returned,459.58,45.96,INR,android
O01961,U0172,2025-07-19,placed,1162.28,0.0,INR,android
O01648,U0287,2025/10/07,cancelled,498.42,49.84,INR,web
O00966,U0260,2026-06-26,cancelled,315.4,63.08,INR,android
O01196,U0169,2026-05-06,delivered,368.65,0.0,INR,web
O01482,U0231,11-03-2026,delivered,3074.58,0.0,INR,ios
O01443,U0042,2025/12/06,delivered,988.96,0.0,INR,android
O00560,U0008,05-04-2026,delivered,758.67,0.0,INR,web
O00936,U0252,2026/05/14,delivered,767.91,0.0,INR,web
O00728,U0162,2026-06-06,delivered,1911.89,286.78,INR,ios
O01725,U0305,2026/07/16,returned,1892.05,378.41,INR,ios
O01814,U0018,2026-05-17,placed,8.7,0.0,USD,web
O00157,U0284,12-10-2025,delivered,60.63,0.0,USD,android
O00799,U0245,2026-05-21,shipped,367.49,0.0,INR,ios
O01242,U0056,2026/07/19,cancelled,4.99,0.25,USD,web
O00852,U0251,2026-05-12,placed,20.08,0.0,USD,web
O00510,U0333,2026-03-22,delivered,5729.16,0.0,INR,ios
O02044,U0307,22-07-2026,cancelled,892.51,0.0,INR,web
O00533,U0310,2025-08-24,delivered,6.62,0.66,USD,web
O01323,U0012,2025-11-25,placed,663.46,0.0,INR,android
O00046,U0399,2025-06-24,placed,5294.75,529.48,INR,web
O01354,U0116,2025-10-22,placed,1899.88,0.0,INR,android
O01929,U0242,2026-06-25,delivered,44.06,0.0,USD,web
O00994,U0067,2025/12/23,shipped,1175.28,117.53,INR,web
O01106,U0042,2026/05/08,placed,1778.32,0.0,INR,web
O00722,U0168,2026-06-05,returned,2736.65,136.83,INR,web
O00512,U0118,2026-01-03,delivered,4.99,0.0,USD,android
O00264,U0102,2025-11-27,shipped,29.19,0.0,USD,android
O00004,U0139,19-06-2026,returned,8.56,1.28,USD,web
O00076,U0399,2025/03/21,returned,29.04,0.0,USD,web
O00086,U0019,2026-02-12,shipped,451.26,0.0,INR,ios
O01941,U0163,2026/05/16,returned,32.93,0.0,USD,web
O02005,U0262,2026-01-06,delivered,1162.5,0.0,INR,web
O01499,U0103,2026-06-29,placed,545.17,0.0,INR,ios
O00504,U0261,2026/05/09,cancelled,5590.72,279.54,INR,web
O00543,U0140,2026-06-09,cancelled,1204.42,0.0,INR,ios
O01139,U0276,19-07-2026,cancelled,5239.77,261.99,INR,web
O01977,U0356,2026-05-28,placed,7.82,0.0,USD,android
O01669,U0122,2026-07-15,delivered,5741.9,0.0,INR,ios
O01350,U0049,2026-02-19,delivered,1986.66,0.0,INR,android
O00485,U0251,2026-03-25,delivered,3707.46,0.0,INR,ios
O00879,U0371,2025-11-14,delivered,571.7,0.0,INR,web
O01413,U0274,26-05-2026,delivered,1131.34,169.7,INR,web
O01024,U0066,2026-02-15,delivered,23.77,4.75,USD,ios
O01270,U0217,13-05-2026,shipped,44.53,0.0,USD,ios
O00784,U0221,2026-04-10,delivered,43.76,0.0,USD,web
O00934,U0065,30-03-2026,delivered,5.64,0.0,USD,web
O02110,U9187,2026-04-18,cancelled,463.65,0.0,INR,web
O01330,U0034,2026-05-02,delivered,833.11,0.0,INR,android
O00675,U0141,2026-07-04,cancelled,1831.11,91.56,INR,ios
O02049,U0315,30-06-2026,shipped,910.77,0.0,INR,ios
O00831,U0103,03-07-2026,placed,2260.57,0.0,INR,web
O00895,U0218,08-06-2025,shipped,8.08,0.0,USD,web
O01378,U0083,2025-12-01,cancelled,1226.03,245.21,INR,android
O00983,U0395,2025-08-02,delivered,799.15,0.0,INR,web
O00474,U0360,2026/06/26,placed,1901.19,0.0,INR,ios
O01594,U0192,2026-01-26,delivered,710.83,35.54,INR,web
O01593,U0346,2026-06-26,delivered,3640.97,0.0,INR,web
O00407,U0132,2026-02-04,delivered,3376.84,0.0,INR,android
O00231,U0297,2026-01-11,placed,2999.24,599.85,INR,web
O00673,U0297,2026-06-27,cancelled,629.73,0.0,INR,android
O00143,U0235,12-03-2026,delivered,5.82,0.0,USD,android
O01267,U0327,2026-07-12,cancelled,1140.71,0.0,INR,android
O01614,U0067,2026/01/03,delivered,27.63,0.0,USD,web
O01732,U0081,2026-04-14,shipped,32.11,3.21,USD,android
O01565,U0230,15-02-2026,shipped,4.99,0.0,USD,web
O00648,U0391,16-04-2026,cancelled,2444.5,0.0,INR,web
O01735,U0157,2026-04-16,placed,6.83,0.68,USD,web
O01321,U0235,21-03-2026,delivered,5.56,0.0,USD,web
O01480,U0363,2025-11-19,delivered,343.73,0.0,INR,ios
O02006,U0304,2026/06/20,delivered,466.97,0.0,INR,web
O00534,U0370,25-10-2025,placed,5003.0,500.3,INR,web
O00508,U0187,2025-09-09,cancelled,6.67,0.0,USD,web
O00860,U0105,2026-03-22,returned,11.55,0.0,USD,web
O00346,U0060,2026-06-28,shipped,550.84,0.0,INR,web
O01301,U0090,2026-01-08,delivered,4.99,1.0,USD,web
O00305,U0430,2026-05-28,returned,1829.59,274.44,INR,web
O00547,U0312,2026/06/17,shipped,4507.05,0.0,INR,android
O00569,U0106,2025-08-30,delivered,44.34,0.0,USD,web
O00740,U0233,2026/05/14,delivered,15.69,2.35,USD,ios
O01881,U0152,28-11-2025,delivered,28.53,2.85,USD,web
O01244,U0083,27-03-2026,shipped,821.17,0.0,INR,android
O00381,U0205,2025-10-23,delivered,5589.01,0.0,INR,web
O01397,U0342,2026/02/05,placed,3432.72,686.54,INR,ios
O00037,U0388,2026/06/24,placed,973.51,0.0,INR,web
O00758,U0225,2026-06-22,delivered,801.06,0.0,INR,android
O02011,U0134,2026-07-11,shipped,817.12,163.42,INR,ios
O00611,U0359,2026-04-09,cancelled,5074.63,0.0,INR,web
O01726,U0170,27-02-2026,returned,336.9,0.0,INR,android
O00869,U0176,2026/07/05,placed,3722.62,0.0,INR,web
O02060,U0308,2025/11/15,delivered,6.7,1.0,USD,web
O01518,U0057,29-06-2026,delivered,947.88,189.58,INR,ios
O02101,U9765,2026-03-01,returned,440.36,0.0,INR,web
O01363,U0161,2025-12-16,cancelled,3209.62,0.0,INR,ios
O00105,U0004,2026-06-23,placed,3271.38,0.0,INR,ios
O01131,U0357,2025-11-15,shipped,2637.34,0.0,INR,web
O00120,U0331,2025/12/03,returned,1777.46,0.0,INR,web
O00627,U0078,2025-09-09,placed,1837.22,0.0,INR,android
O01193,U0323,2025-07-06,delivered,532.61,0.0,INR,android
O01483,U0408,12-10-2025,delivered,2793.82,0.0,INR,ios
O00572,U0390,24-06-2026,delivered,27.75,2.78,USD,ios
O00493,U0411,2026-05-07,delivered,44.32,0.0,USD,ios
O01513,U0108,2026-03-04,delivered,4.99,0.5,USD,ios
O01731,U0298,2026/06/15,delivered,498.28,0.0,INR,android
O00449,U0019,2026-01-23,delivered,5.49,0.0,USD,web
O01127,U0314,2026-05-14,delivered,1766.77,88.34,INR,ios
O01347,U0008,2026-04-12,shipped,4647.14,0.0,INR,web
O01672,U0163,2026-04-28,returned,5.66,0.0,USD,ios
O00680,U0017,2026-07-10,shipped,2046.53,409.31,INR,android
O01506,U0421,2026-03-04,delivered,328.18,0.0,INR,web
O01752,U0421,2026/03/28,placed,5.43,0.0,USD,web
O00842,U0263,24-10-2025,delivered,784.7,0.0,INR,web
O01281,U0421,2026-01-05,placed,9.0,0.0,USD,web
O01508,U0082,18-06-2026,delivered,1640.91,82.05,INR,ios
O01370,U0310,2025-07-21,cancelled,2718.79,407.82,INR,web
O00058,U0360,2026-07-14,cancelled,8.01,0.0,USD,web
O01534,U0048,2026/07/13,returned,664.37,99.66,INR,android
O01177,U0167,23-03-2026,shipped,751.12,112.67,INR,web
O01869,U0079,2026-05-17,placed,498.05,0.0,INR,android
O00661,U0410,2026-06-17,delivered,12.03,0.0,USD,android
O01056,U0209,20-10-2025,delivered,3372.83,0.0,INR,web
O01320,U0263,2026/04/27,placed,1902.97,285.45,INR,web
O00433,U0127,2025/08/18,delivered,2482.84,0.0,INR,ios
O00751,U0396,2025-10-21,placed,355.64,0.0,INR,android
O01758,U0225,2026-07-10,delivered,764.2,0.0,INR,ios
O00770,U0150,2026/04/17,returned,542.14,0.0,INR,android
O01514,U0073,16-05-2026,cancelled,564.46,0.0,INR,web
O00145,U0026,2026-03-19,shipped,392.14,0.0,INR,android
O01947,U0431,2026-01-01,delivered,1024.35,102.44,INR,android
O01665,U0200,2026/05/28,delivered,68.56,0.0,USD,ios
O00948,U0230,2026/05/06,delivered,68.25,0.0,USD,web
O00385,U0213,2025-05-21,cancelled,7.61,0.0,USD,web
O01332,U0390,2025-11-20,delivered,28.88,0.0,USD,android
O01570,U0275,2026-04-07,delivered,3777.41,0.0,INR,android
O00702,U0243,11-06-2026,shipped,31.15,0.0,USD,web
O01689,U0287,2025-10-07,shipped,714.71,0.0,INR,ios
O00783,U0013,13-05-2026,placed,3433.58,0.0,INR,web
O01539,U0064,2026-05-18,returned,8.66,0.0,USD,ios
O00437,U0103,28-03-2026,delivered,462.16,0.0,INR,android
O01879,U0248,2025-11-21,delivered,792.71,0.0,INR,android
O00683,U0404,2026-01-25,delivered,661.11,0.0,INR,web
O01147,U0107,2025-09-04,delivered,4.99,0.0,USD,web
O00242,U0179,2025/05/16,delivered,1155.93,231.19,INR,web
O01974,U0283,2026-01-03,returned,41.66,0.0,USD,ios
O00283,U0168,2026-07-14,delivered,926.65,139.0,INR,web
O00739,U0193,2026-06-01,shipped,3539.91,0.0,INR,android
O01555,U0221,2026-04-08,shipped,336.08,67.22,INR,web
O00098,U0365,2026-06-26,cancelled,675.66,0.0,INR,android
O00055,U0155,2026-07-14,shipped,10.19,0.0,USD,ios
O00826,U0307,2026-01-25,placed,3641.68,0.0,INR,web
O01542,U0434,2026-07-19,returned,5.67,0.0,USD,web
O01660,U0182,2026-06-29,placed,1935.04,96.75,INR,web
O01962,U0128,16-11-2025,shipped,23.43,0.0,USD,android
O01763,U0037,16-07-2026,delivered,9.09,0.91,USD,ios
O02095,U0236,09-06-2026,placed,5027.74,0.0,INR,web
O00735,U0309,2026-01-05,delivered,9.86,0.0,USD,web
O00383,U0079,2026-01-16,shipped,674.67,0.0,INR,ios
O00640,U0080,2026/01/02,cancelled,2567.17,513.43,INR,web
O00663,U0366,2025-05-24,delivered,4.99,0.0,USD,web
O00388,U0376,2026-01-03,delivered,5649.24,0.0,INR,web
O00053,U0351,2026-05-29,delivered,1923.49,96.17,INR,web
O00897,U0429,2026-01-20,returned,780.46,78.05,INR,web
O01458,U0121,04-05-2026,cancelled,3242.04,0.0,INR,ios
O01445,U0121,2026-01-18,delivered,730.98,0.0,INR,web
O00410,U0149,2026-03-03,shipped,8.04,0.8,USD,web
O01058,U0082,16-07-2026,returned,899.58,134.94,INR,ios
O01290,U0352,2026-05-16,cancelled,343.44,0.0,INR,ios
O00990,U0098,10-08-2025,returned,31.0,1.55,USD,web
O00089,U0353,2026-04-17,delivered,2254.24,338.14,INR,ios
O00774,U0330,2026-05-23,shipped,3631.59,181.58,INR,web
O00556,U0414,19-05-2026,shipped,30.09,6.02,USD,web
O02117,U9351,06-08-2026,delivered,458.88,0.0,INR,ios
O01338,U0006,2026-05-19,delivered,821.45,0.0,INR,android
O01782,U0013,20-06-2026,shipped,4.99,0.25,USD,android
O00836,U0328,2026-06-28,delivered,4.99,0.0,USD,android
O01674,U0053,2025-10-26,delivered,55.65,0.0,USD,ios
O01207,U0229,07-11-2025,returned,28.82,1.44,USD,ios
O00386,U0249,2025-03-20,delivered,2019.68,0.0,INR,web
O00481,U0248,2026-04-06,delivered,5.73,0.0,USD,web
O00965,U0047,2025-10-07,delivered,487.46,97.49,INR,ios
O00213,U0013,2026/05/02,returned,363.9,0.0,INR,web
O00307,U0072,2026/03/03,shipped,631.51,0.0,INR,web
O01050,U0054,2026/03/03,returned,1349.14,0.0,INR,web
O01382,U0426,14-07-2025,delivered,2293.99,458.8,INR,ios
O01706,U0184,29-04-2026,placed,879.27,0.0,INR,android
O01087,U0426,2025/12/21,delivered,322.96,0.0,INR,ios
O00944,U0406,2026/05/24,shipped,5234.6,0.0,INR,android
O01664,U0107,2026-06-14,delivered,456.56,0.0,INR,ios
O01551,U0269,2026/04/24,shipped,1364.22,0.0,INR,web
O01745,U0399,22-06-2025,delivered,14.47,1.45,USD,android
O01581,U0299,2026-04-26,returned,977.87,0.0,INR,ios
O00833,U0009,2026/03/13,delivered,663.29,33.16,INR,web
O00652,U0076,17-06-2026,delivered,4.99,0.0,USD,web
O01367,U0120,2025/12/27,delivered,10.99,0.0,USD,android
O00235,U0194,2026-06-15,delivered,36.78,1.84,USD,android
O00840,U0147,2026-01-21,placed,1317.55,0.0,INR,web
O01917,U0103,2026-07-20,cancelled,4660.0,233.0,INR,ios
O00502,U0167,2026-06-26,cancelled,1780.7,0.0,INR,ios
O00398,U0429,2026-02-12,shipped,364.17,54.63,INR,web
O00982,U0142,2026-04-01,placed,44.44,0.0,USD,ios
O00252,U0353,2025-10-21,cancelled,952.75,95.28,INR,ios
O01419,U0266,2026-06-09,delivered,39.32,5.9,USD,android
O01744,U0243,2026-06-09,delivered,1026.39,0.0,INR,android
O01086,U0130,2026/04/29,placed,559.4,0.0,INR,ios
O00601,U0303,2026-06-27,placed,4884.05,732.61,INR,android
O00515,U0402,18-06-2026,shipped,4.99,0.0,USD,web
O00280,U0388,2026-01-30,delivered,908.84,0.0,INR,android
O01988,U0428,2026-05-24,cancelled,2583.92,387.59,INR,android
O00495,U0212,24-06-2026,delivered,3396.29,169.81,INR,android
O02114,U9309,2026-03-11,delivered,5.98,0.0,USD,web
O01884,U0102,2026/05/10,delivered,827.62,0.0,INR,web
O00755,U0196,11-05-2026,returned,1878.57,0.0,INR,ios
O02019,U0042,2026-07-21,shipped,702.48,0.0,INR,ios
O01775,U0148,2025-10-31,delivered,1298.28,0.0,INR,web
O00071,U0179,30-04-2026,delivered,1924.9,0.0,INR,android
O01379,U0275,2026/06/11,cancelled,2306.85,0.0,INR,android
O01305,U0312,2026-06-01,delivered,43.02,0.0,USD,ios
O01392,U0060,2026-03-09,delivered,876.12,0.0,INR,android
O01182,U0177,2026/04/28,shipped,1357.27,0.0,INR,android
O02085,U0256,2026-02-14,placed,3540.41,0.0,INR,web
O00718,U0281,2025-11-17,shipped,44.65,4.46,USD,web
O00316,U0222,2026-04-08,placed,40.66,0.0,USD,web
O01747,U0318,2026-06-22,returned,570.5,28.53,INR,ios
O01678,U0369,2026-04-25,delivered,1173.06,117.31,INR,android
O01959,U0119,2026-04-02,cancelled,2723.14,408.47,INR,web
O00870,U0304,2026-05-19,placed,2525.48,126.27,INR,android
O00484,U0283,2026-02-04,shipped,14.14,0.0,USD,web
O01185,U0296,2026-05-14,placed,1171.52,0.0,INR,android
O00685,U0301,02-07-2026,delivered,1303.96,0.0,INR,android
O01823,U0240,2025-11-07,cancelled,6.69,0.0,USD,ios
O01952,U0094,17-04-2026,cancelled,387.22,58.08,INR,android
O01469,U0254,2026/07/12,delivered,468.56,0.0,INR,android
O01029,U0263,2025-09-28,placed,366.4,0.0,INR,web
O01070,U0102,04-07-2026,delivered,1632.26,163.23,INR,web
O00599,U0193,2025/05/19,returned,1648.42,164.84,INR,web
O01101,U0321,2026-04-29,placed,3406.68,0.0,INR,android
O00775,U0394,2026-07-06,delivered,14.86,0.0,USD,ios
O01362,U0348,2026-07-16,delivered,394.56,0.0,INR,web
O01847,U0316,31-12-2025,delivered,21.65,3.25,USD,android
O00369,U0260,2025-11-17,delivered,3166.98,316.7,INR,ios
O00720,U0062,30-03-2026,cancelled,4.99,0.0,USD,ios
O01727,U0432,2026-04-15,shipped,44.54,0.0,USD,android
O01586,U0140,2026/06/20,shipped,1783.66,0.0,INR,web
O01871,U0006,2026-06-07,returned,1247.6,0.0,INR,ios
O00629,U0043,04-02-2026,delivered,5.74,0.0,USD,web
O02116,U9152,2026-03-11,delivered,734.97,0.0,INR,web
O01864,U0138,2026-06-26,delivered,392.26,39.23,INR,web
O01491,U0090,2026-06-12,delivered,2801.63,0.0,INR,web
O00108,U0240,07-01-2026,cancelled,3730.38,0.0,INR,android
O01017,U0338,2026/05/04,cancelled,505.26,0.0,INR,android
O01493,U0064,26-04-2026,cancelled,477.48,95.5,INR,web
O00838,U0288,2026-07-06,delivered,459.07,22.95,INR,ios
O01958,U0395,2026-01-12,delivered,573.02,0.0,INR,ios
O01343,U0240,2025-11-12,delivered,21.63,3.24,USD,android
O01559,U0386,2026-06-30,placed,1366.88,273.38,INR,web
O00834,U0216,2025/08/20,placed,40.27,0.0,USD,ios
O01095,U0031,15-06-2025,delivered,8.75,0.0,USD,android
O00469,U0294,2026-01-20,shipped,1305.37,0.0,INR,web
O00864,U0055,2026/02/18,placed,332.71,0.0,INR,web
O01009,U0122,19-07-2026,delivered,572.59,0.0,INR,android
O00916,U0133,05-10-2025,cancelled,674.41,0.0,INR,web
O01913,U0201,01-06-2026,delivered,1420.17,0.0,INR,web
O00593,U0349,2026-03-12,returned,6.66,0.0,USD,web
O00971,U0189,2026/07/13,delivered,4.99,0.0,USD,web
O00230,U0224,2026/06/25,shipped,2673.42,133.67,INR,web
O01359,U0121,2026-02-19,placed,515.01,25.75,INR,android
O00416,U0041,2026-05-13,cancelled,1427.81,0.0,INR,web
O01574,U0317,2025-07-06,delivered,1299.01,0.0,INR,web
O00455,U0108,2026-05-19,delivered,16.89,0.0,USD,android
O01964,U0010,2026-03-14,returned,11.71,0.0,USD,ios
O00563,U0212,2026-04-03,delivered,2704.49,0.0,INR,web
O02123,U9459,2025-11-23,cancelled,616.78,0.0,INR,web
O00478,U0278,2026/05/05,delivered,4508.06,0.0,INR,android
O01110,U0337,2025/11/04,delivered,5169.82,0.0,INR,android
O01342,U0313,2026-07-13,shipped,2357.57,0.0,INR,web
O00590,U0243,2026/07/12,cancelled,30.82,0.0,USD,android
O01896,U0352,2026/02/17,delivered,3734.46,0.0,INR,android
O00710,U0044,2026-07-06,returned,513.28,76.99,INR,web
O00679,U0351,29-04-2026,placed,390.94,78.19,INR,android
O01399,U0022,17-06-2026,delivered,2051.32,0.0,INR,ios
O00974,U0277,08-05-2025,delivered,539.15,0.0,INR,android
O01504,U0144,2026-02-20,shipped,3209.25,0.0,INR,ios
O00234,U0338,2026-03-16,delivered,790.49,0.0,INR,web
O00384,U0185,2026-03-13,delivered,1359.47,0.0,INR,android
O00837,U0391,2026-07-08,delivered,40.21,2.01,USD,web
O01576,U0129,2026-05-25,shipped,371.73,0.0,INR,ios
O01707,U0433,2025-10-26,returned,2761.4,0.0,INR,web
O00110,U0146,2026-07-23,shipped,2858.74,0.0,INR,ios
O02016,U0276,02-07-2026,cancelled,20.14,0.0,USD,ios
O01777,U0431,2026-03-14,placed,993.73,0.0,INR,web
O02064,U0015,2026-04-15,placed,4618.96,0.0,INR,ios
O00345,U0040,2026-04-15,returned,20.3,0.0,USD,web
O01226,U0050,2025/05/16,delivered,20.67,0.0,USD,web
O01309,U0021,18-03-2026,placed,1004.04,0.0,INR,android
O01352,U0353,2026/01/13,cancelled,3138.01,0.0,INR,web
O02021,U0067,28-03-2026,returned,44.22,4.42,USD,ios
O00771,U0120,2025-04-19,cancelled,67.4,0.0,USD,web
O01556,U0319,06-11-2025,delivered,959.99,96.0,INR,web
O00296,U0285,02-10-2025,cancelled,24.2,1.21,USD,android
O00489,U0429,2026-02-08,cancelled,5698.55,0.0,INR,web
O00226,U0219,2026-01-16,returned,40.9,0.0,USD,android
O01883,U0161,2025/05/14,delivered,3274.45,0.0,INR,android
O00206,U0007,2026/05/30,returned,1161.55,0.0,INR,android
O01188,U0211,2026-06-07,placed,397.63,39.76,INR,ios
O01273,U0432,2026-07-11,returned,381.27,0.0,INR,android
O01275,U0431,2026/03/24,delivered,1796.09,0.0,INR,android
O00371,U0007,2026-04-17,delivered,9.5,1.9,USD,web
O00093,U0120,2026-05-29,delivered,3770.91,754.18,INR,android
O02020,U0172,29-07-2025,delivered,38.28,1.91,USD,android
O01566,U0431,2026-01-17,returned,1923.93,0.0,INR,ios
O01274,U0042,2026-03-26,delivered,2038.39,0.0,INR,web
O00815,U0094,2026-07-22,placed,528.54,0.0,INR,web
O01626,U0112,2025-08-09,shipped,1641.29,82.06,INR,android
O00862,U0110,2026-07-04,delivered,21.7,4.34,USD,android
O01602,U0358,2026-06-03,delivered,705.67,0.0,INR,web
O01262,U0287,2026-06-30,delivered,656.91,98.54,INR,android
O01019,U0253,27-11-2025,returned,4574.34,0.0,INR,ios
O00468,U0247,09-04-2026,cancelled,2860.64,0.0,INR,web
O01167,U0153,2025-09-30,delivered,2812.63,0.0,INR,web
O00490,U0226,2026-02-20,delivered,37.54,1.88,USD,web
O00269,U0410,2026-03-01,delivered,835.87,167.17,INR,ios
O02046,U0094,2026/05/04,delivered,3519.87,703.97,INR,android
O00610,U0028,2026-07-05,delivered,321.68,0.0,INR,web
O01911,U0239,2026-05-21,returned,1265.36,0.0,INR,web
O01107,U0163,30-12-2025,cancelled,363.36,0.0,INR,ios
O00551,U0218,02-04-2026,delivered,10.25,0.0,USD,android
O01116,U0216,2025/04/29,delivered,676.78,135.36,INR,ios
O01155,U0210,25-06-2026,returned,21.6,0.0,USD,ios
O00430,U0257,2026/01/29,delivered,4.99,0.0,USD,android
O00987,U0262,2026/03/16,delivered,5503.65,0.0,INR,android
O00907,U0001,2025-11-22,placed,3039.62,607.92,INR,ios
O01567,U0186,2026-06-06,delivered,38.9,0.0,USD,web
O00580,U0392,2026-06-19,shipped,646.47,0.0,INR,ios
O01850,U0130,2026-02-27,delivered,4810.23,962.05,INR,android
O01932,U0132,2025/12/07,placed,1350.32,202.55,INR,web
O01109,U0015,2025-10-29,delivered,2060.93,103.05,INR,android
O00736,U0108,2025-11-18,placed,23.07,1.15,USD,web
O01076,U0377,2026-05-20,placed,2591.93,129.6,INR,ios
O00122,U0087,2026-02-10,placed,3710.82,371.08,INR,web
O01223,U0155,2026/05/27,returned,912.74,0.0,INR,android
O01739,U0079,2025-10-11,returned,4997.77,749.67,INR,web
O01210,U0140,2025-11-02,placed,4823.4,0.0,INR,android
O00065,U0248,2026-01-09,shipped,24.08,0.0,USD,ios
O01569,U0359,2026-02-16,placed,493.83,0.0,INR,web
O01657,U0236,2026-05-23,shipped,456.46,0.0,INR,web
O02066,U0186,2026-07-05,delivered,4.99,0.0,USD,android
O01014,U0434,2026-06-08,delivered,20.4,0.0,USD,ios
O00750,U0276,2026/07/06,cancelled,2487.08,0.0,INR,web
O01272,U0358,2026-07-19,returned,1977.48,98.87,INR,ios
O00415,U0289,2025-07-05,delivered,1360.37,0.0,INR,ios
O00919,U0200,2026/03/18,returned,10.19,0.0,USD,web
O00072,U0343,2025/12/28,delivered,2471.1,0.0,INR,web
O02027,U0257,2026/06/30,shipped,41.27,6.19,USD,ios
O00810,U0168,16-06-2026,cancelled,1182.39,0.0,INR,web
O00332,U0188,2026-06-07,delivered,1311.8,131.18,INR,web
O01811,U0188,2026-06-25,placed,693.48,0.0,INR,android
O00843,U0337,19-11-2025,delivered,841.61,0.0,INR,ios
O00023,U0417,2026-01-01,placed,456.69,0.0,INR,web
O01692,U0432,2026-03-18,delivered,4.99,0.5,USD,web
O00268,U0324,2026-07-17,shipped,41.57,2.08,USD,ios
O01604,U0230,2026-02-13,returned,39.14,0.0,USD,android
O01205,U0131,2026/03/12,returned,981.89,0.0,INR,web
O00941,U0141,2025-12-17,delivered,364.25,0.0,INR,web
O01162,U0238,2026-01-27,returned,15.0,0.0,USD,web
O01944,U0290,2025/07/14,delivered,63.3,0.0,USD,web
O00436,U0423,2026-05-09,shipped,2709.2,0.0,INR,web
O00926,U0095,03-05-2026,shipped,351.05,0.0,INR,web
O01022,U0225,2026-05-22,delivered,562.03,0.0,INR,web
O02034,U0010,24-02-2026,delivered,6.64,0.0,USD,ios
O01372,U0116,12-04-2026,delivered,2689.01,0.0,INR,web
O00550,U0079,2025/12/12,returned,515.46,0.0,INR,web
O02042,U0038,2026-07-22,delivered,1381.12,138.11,INR,web
O00695,U0061,24-07-2025,returned,6.52,0.0,USD,android
O01986,U0245,2026/06/25,delivered,5044.06,0.0,INR,web
O00212,U0323,2026-04-27,delivered,68.68,10.3,USD,ios
O01950,U0140,2025-12-26,delivered,3368.07,0.0,INR,web
O00873,U0344,2025/12/18,cancelled,14.73,0.0,USD,android
O01644,U0051,2026-03-09,returned,490.55,98.11,INR,web
O01345,U0425,2026-07-21,delivered,16.32,0.0,USD,ios
O00008,U0380,2026-02-18,cancelled,960.17,0.0,INR,android
O01121,U0351,22-05-2026,shipped,789.06,0.0,INR,android
O00022,U0197,2025-12-25,shipped,16.39,0.82,USD,android
O00617,U0328,2026-06-26,delivered,5.94,0.0,USD,web
O01179,U0419,29-10-2025,returned,5175.51,0.0,INR,android
O01376,U0316,2026-01-10,placed,463.36,0.0,INR,android
O01476,U0042,2026-04-01,delivered,4843.11,0.0,INR,android
O01416,U0275,2026-04-24,placed,1161.96,0.0,INR,ios
O00202,U0007,2026-06-13,delivered,4.99,0.0,USD,android
O01715,U0220,2025-12-03,cancelled,2000.34,200.03,INR,android
O00697,U0123,2026/03/16,returned,9.54,0.0,USD,ios
O02018,U0085,2025-04-16,delivered,9.81,0.0,USD,ios
O02118,U9266,16-12-2025,cancelled,941.09,0.0,INR,android
O00298,U0381,2026-07-05,returned,1768.27,0.0,INR,web
O00653,U0347,22-07-2026,delivered,1186.36,0.0,INR,android
O01591,U0310,24-07-2025,cancelled,32.89,0.0,USD,web
O01218,U0418,2026/06/07,returned,863.08,0.0,INR,web
O00257,U0108,2026-07-02,placed,9.59,0.48,USD,android
O00309,U0002,2026-05-23,cancelled,571.86,0.0,INR,android
O00642,U0242,28-01-2026,shipped,61.85,6.19,USD,android
O01844,U0163,2026-05-11,delivered,13.89,0.0,USD,web
O01519,U0311,17-06-2026,cancelled,21.75,3.26,USD,android
O01766,U0219,2025-11-26,delivered,322.64,0.0,INR,web
O00960,U0020,2026-05-07,returned,884.92,0.0,INR,web
O00768,U0005,28-05-2026,returned,27.76,1.39,USD,web
O00303,U0387,2025-11-10,placed,4.99,0.75,USD,web
O01134,U0378,2025-09-29,returned,6.27,0.0,USD,ios
O01857,U0401,29-04-2026,delivered,1651.22,0.0,INR,android
O01344,U0110,2026/06/07,delivered,4.99,0.75,USD,ios
O01750,U0388,2026/07/01,delivered,4514.45,0.0,INR,ios
O00049,U0032,30-06-2026,cancelled,28.91,0.0,USD,web
O00526,U0050,13-12-2025,delivered,14.73,1.47,USD,ios
O01520,U0309,2026-04-12,placed,30.02,3.0,USD,web
O00207,U0228,2025-12-12,delivered,2036.97,203.7,INR,ios
O00358,U0361,2026-04-17,cancelled,1936.53,0.0,INR,android
O01972,U0424,2025-07-08,delivered,19.6,2.94,USD,web
O02041,U0200,05-06-2026,delivered,8.72,0.0,USD,web
O00725,U0381,01-07-2026,placed,13.93,0.0,USD,web
O00038,U0419,2026-03-27,placed,1944.35,194.44,INR,ios
O00246,U0004,2026/02/26,placed,16.15,0.0,USD,web
O00498,U0176,23-02-2026,delivered,3435.62,343.56,INR,web
O00428,U0318,23-05-2026,delivered,536.1,53.61,INR,android
O01259,U0339,2026/07/03,placed,943.2,0.0,INR,web
O00558,U0196,2026-07-15,shipped,533.23,53.32,INR,android
O01171,U0390,2025-09-09,delivered,33.07,3.31,USD,android
O01195,U0262,24-02-2026,cancelled,1435.86,0.0,INR,ios
O01067,U0315,2026-06-13,returned,4.99,0.0,USD,android
O00585,U0258,2026-05-03,cancelled,1023.17,153.48,INR,android
O01772,U0267,2026-07-02,delivered,866.54,0.0,INR,ios
O01082,U0296,2026-02-17,cancelled,39.6,1.98,USD,android
O01935,U0414,08-02-2026,cancelled,4.99,0.0,USD,web
O00662,U0360,2026/06/08,delivered,42.68,8.54,USD,web
O00828,U0051,2026-04-18,delivered,1323.15,0.0,INR,ios
O00457,U0129,2026-07-16,delivered,1186.12,0.0,INR,web
O00315,U0029,2026-01-31,delivered,328.87,0.0,INR,web
O00823,U0049,06-04-2026,shipped,964.71,96.47,INR,ios
O00876,U0185,01-07-2026,shipped,722.33,72.23,INR,android
O01129,U0155,2026-05-27,cancelled,682.59,0.0,INR,web
O01621,U0302,2026-07-06,placed,10.59,1.59,USD,ios
O01192,U0304,16-04-2026,placed,674.93,33.75,INR,web
O00166,U0192,2026/06/12,delivered,2399.27,0.0,INR,ios
O01800,U0133,2026/05/07,delivered,1267.81,0.0,INR,web
O00251,U0397,2025-11-05,delivered,748.83,37.44,INR,web
O00294,U0319,2025/08/03,cancelled,1378.61,0.0,INR,web
O01077,U0082,22-04-2026,cancelled,465.42,0.0,INR,ios
O02093,U0127,03-06-2025,cancelled,541.1,0.0,INR,android
O01724,U0328,23-07-2026,placed,11.1,2.22,USD,web
O00891,U0247,2026-02-13,placed,1763.38,0.0,INR,android
O01956,U0257,2026-03-27,shipped,6.68,0.0,USD,web
O01696,U0126,2025-07-22,placed,22.99,0.0,USD,android
O02039,U0246,13-12-2025,delivered,571.44,114.29,INR,android
O00698,U0044,29-04-2026,delivered,3544.67,0.0,INR,web
O00603,U0126,2025/06/17,returned,712.4,71.24,INR,web
O00175,U0068,08-06-2026,placed,5587.92,0.0,INR,web
O00931,U0113,2026-01-28,delivered,682.13,34.11,INR,web
O01284,U0394,2026-07-04,cancelled,4.99,0.0,USD,web
O01636,U0427,2026-07-01,cancelled,8.92,0.0,USD,web
O00612,U0246,2026/03/10,shipped,3574.67,0.0,INR,web
O01780,U0348,2026-07-01,cancelled,3466.68,0.0,INR,ios
O00090,U0065,2025-09-19,shipped,64.2,12.84,USD,web
O01912,U0383,25-08-2025,delivered,572.27,0.0,INR,android
O00529,U0335,04-07-2026,placed,4.99,0.0,USD,ios
O00261,U0376,06-02-2026,cancelled,1026.84,205.37,INR,ios
O01063,U0283,12-01-2026,delivered,31.46,0.0,USD,web
O00737,U0418,2026-06-14,delivered,11.08,0.55,USD,ios
O00530,U0341,2026-07-22,delivered,2305.62,0.0,INR,web
O00943,U0379,2026-05-21,returned,4.99,0.25,USD,web
O01286,U0270,2025-12-12,delivered,480.46,48.05,INR,web
O01229,U0306,2026-04-30,returned,27.09,4.06,USD,web
O01598,U0007,2025-12-24,placed,11.1,1.11,USD,web
O01293,U0201,2026-01-17,delivered,9.14,0.0,USD,web
O00861,U0400,2026-05-08,placed,64.37,9.66,USD,web
O00857,U0025,2026-03-05,placed,2385.97,0.0,INR,web
O00938,U0127,2026/07/01,shipped,1297.0,259.4,INR,android
O01876,U0206,02-05-2026,delivered,3296.44,329.64,INR,android
O00714,U0119,2026-01-29,delivered,527.84,26.39,INR,web
O00519,U0105,2026-06-27,delivered,5711.44,0.0,INR,web
O01044,U0304,2026-06-05,returned,477.43,23.87,INR,android
O00731,U0139,2026-05-03,cancelled,1294.39,0.0,INR,web
O01165,U0063,2026-02-20,delivered,853.26,0.0,INR,web
O00868,U0004,2026-06-30,cancelled,4.99,1.0,USD,web
O00425,U0401,2026/03/06,placed,1682.74,0.0,INR,web
O00956,U0352,2025/12/05,delivered,1772.06,354.41,INR,web
O01613,U0029,2025-12-08,delivered,16.27,0.0,USD,ios
O01208,U0260,07-02-2026,shipped,6.4,0.32,USD,web
O01601,U0057,2026-06-19,delivered,1704.57,85.23,INR,ios
O01410,U0120,2025/09/07,delivered,54.36,0.0,USD,ios
O01415,U0207,2026/04/19,placed,60.01,0.0,USD,android
O01720,U0065,2025/12/13,placed,23.53,0.0,USD,web
O01585,U0221,2025-06-26,placed,38.75,0.0,USD,web
O01895,U0106,2026-02-04,cancelled,31.56,0.0,USD,web
O00463,U0295,2026-02-20,cancelled,500.05,0.0,INR,web
O00723,U0266,2026-05-25,shipped,14.85,0.0,USD,android
O01313,U0129,2026/06/10,returned,3130.91,0.0,INR,android
O01364,U0376,2025-07-14,cancelled,746.91,0.0,INR,android
O01444,U0036,2025-03-30,delivered,16.85,0.0,USD,web
O01032,U0063,2026-06-12,placed,16.5,0.0,USD,ios
O00829,U0038,2026-02-16,delivered,1237.38,0.0,INR,ios
O00147,U0214,2026-03-07,shipped,947.6,0.0,INR,ios
O00667,U0142,2026-06-15,cancelled,6.13,0.0,USD,ios
O00607,U0415,2025/09/09,delivered,3640.31,546.05,INR,ios
O00308,U0012,2025-12-20,delivered,1803.09,0.0,INR,ios
O00747,U0322,14-07-2026,delivered,1150.2,0.0,INR,android
O00928,U0255,2025-11-17,shipped,12.2,0.0,USD,android
O01838,U0267,2026-06-21,delivered,344.18,0.0,INR,android
O01094,U0351,2026-05-26,delivered,560.79,84.12,INR,ios
O00451,U0149,2025-08-26,returned,2435.06,487.01,INR,ios
O01634,U0136,2026-02-01,cancelled,28.33,2.83,USD,web
O00159,U0337,07-08-2025,returned,450.96,67.64,INR,web
O02026,U0372,2026-02-05,shipped,58.36,8.75,USD,android
O01266,U0066,2026-06-26,placed,11.96,0.6,USD,ios
O00084,U0151,2025-12-23,delivered,1908.18,0.0,INR,web
O00003,U0330,2025/06/18,shipped,944.59,0.0,INR,ios
O01767,U0282,2026-03-21,delivered,914.56,0.0,INR,web
O00899,U0228,2026/06/09,shipped,2020.22,0.0,INR,android
O01048,U0325,2026/05/07,delivered,16.81,0.0,USD,ios
O01606,U0346,2026-05-14,delivered,340.42,34.04,INR,web
O02002,U0400,29-05-2026,placed,319.64,0.0,INR,web
O01074,U0163,2026-06-02,shipped,14.8,0.0,USD,web
O01875,U0299,2026-06-08,delivered,5576.75,0.0,INR,web
O01260,U0323,18-12-2025,shipped,38.81,0.0,USD,web
O00635,U0275,14-01-2026,delivered,572.72,0.0,INR,web
O01801,U0254,2026/06/27,delivered,364.04,0.0,INR,web
O00291,U0301,2025-10-15,shipped,516.29,0.0,INR,ios
O01853,U0427,2025-10-21,cancelled,1406.77,0.0,INR,ios
O01560,U0278,2026/04/14,delivered,357.48,17.87,INR,ios
O01441,U0256,2025-09-18,placed,382.13,0.0,INR,web
O01404,U0076,13-08-2025,shipped,4.99,0.0,USD,ios
O01234,U0232,24-02-2026,delivered,11.8,0.0,USD,android
O01580,U0418,2026-06-16,returned,43.78,0.0,USD,web
O01181,U0101,2025-12-02,delivered,798.22,119.73,INR,ios
O01241,U0318,25-05-2026,shipped,997.77,0.0,INR,android
O00019,U0243,2026-06-03,delivered,11.43,1.71,USD,web
O01787,U0366,26-09-2025,shipped,66.27,6.63,USD,web
O02087,U0241,30-05-2026,delivered,366.28,0.0,INR,web
O01306,U0014,01-05-2026,delivered,1658.75,0.0,INR,web
O00095,U0378,2026/07/09,returned,16.76,0.0,USD,ios
O00830,U0376,2025-04-19,delivered,5708.67,285.43,INR,android
O01461,U0412,2026-05-20,shipped,8.63,0.0,USD,android
O01206,U0339,2026/06/22,delivered,8.11,0.0,USD,web
O00167,U0403,2025-04-06,delivered,2450.11,122.51,INR,web
O00050,U0291,2026-02-19,placed,811.5,0.0,INR,web
O00155,U0038,14-01-2026,returned,499.4,0.0,INR,android
O00184,U0040,2026-04-08,returned,4.99,0.25,USD,ios
O00616,U0067,2026-04-24,delivered,4707.03,0.0,INR,web
O00245,U0109,2025-10-07,shipped,2849.81,0.0,INR,android
O00146,U0217,08-06-2026,delivered,862.53,129.38,INR,web
O01119,U0238,2026-03-21,delivered,6.48,0.0,USD,web
O00140,U0411,29-08-2025,cancelled,5.64,0.85,USD,web
O00372,U0244,09-02-2026,returned,58.0,8.7,USD,web
O02029,U0314,07-07-2026,delivered,3369.4,336.94,INR,web
O01157,U0164,2026-05-01,returned,6.84,0.34,USD,web
O01702,U0336,2026-01-13,placed,874.55,87.45,INR,web
O01294,U0070,05-07-2025,returned,6.46,1.29,USD,web
O01015,U0371,2025/09/15,delivered,2653.47,0.0,INR,web
O00459,U0268,2025-09-27,shipped,9.07,1.36,USD,ios
O00106,U0149,2025-04-11,cancelled,4.99,0.0,USD,web
O01096,U0055,01-04-2026,delivered,1777.83,0.0,INR,web
O00844,U0376,29-06-2025,cancelled,373.53,0.0,INR,ios
O00986,U0309,2026-02-04,delivered,61.58,0.0,USD,web
O00079,U0148,15-03-2026,placed,676.15,0.0,INR,ios
O01690,U0261,2026-02-23,cancelled,5618.33,0.0,INR,web
O00412,U0151,2026-04-10,returned,1868.2,0.0,INR,web
O00311,U0103,2025-07-26,cancelled,389.0,77.8,INR,android
O00525,U0327,2026/02/24,returned,499.62,74.94,INR,web
O01059,U0324,2026-05-07,shipped,2510.65,0.0,INR,web
O01325,U0400,2026-06-28,shipped,2544.7,127.23,INR,android
O01151,U0263,2025/04/12,delivered,2859.86,0.0,INR,ios
O02014,U0267,21-06-2026,cancelled,491.93,24.6,INR,android
O00644,U0345,2026-03-27,delivered,1329.96,0.0,INR,ios
O01945,U0115,2025/06/30,delivered,467.7,46.77,INR,web
O00497,U0234,2026-07-10,placed,1427.17,0.0,INR,ios
O01633,U0263,2025-04-06,returned,1206.65,0.0,INR,ios
O00976,U0116,2026/03/25,placed,493.57,74.04,INR,android
O00827,U0216,2026-01-13,delivered,2588.76,0.0,INR,web
O00440,U0335,2026/07/01,placed,30.28,0.0,USD,web
O00464,U0050,01-06-2026,delivered,42.2,2.11,USD,android
O01900,U0305,30-06-2026,delivered,5009.83,0.0,INR,android
O00133,U0218,18-08-2025,returned,11.2,0.0,USD,web
O01907,U0056,2026-05-25,returned,4.99,0.0,USD,web
O01779,U0395,2025-07-18,delivered,353.88,35.39,INR,ios
O01675,U0383,19-01-2026,returned,658.26,32.91,INR,android
O02024,U0104,2025-10-31,cancelled,455.99,0.0,INR,android
O00141,U0410,2026-06-25,delivered,9.82,0.0,USD,web
O01587,U0178,21-10-2025,shipped,2411.88,0.0,INR,web
O00354,U0357,10-06-2026,returned,821.75,123.26,INR,ios
O01178,U0070,2025/08/23,delivered,15.87,0.0,USD,web
O01071,U0227,19-11-2025,shipped,1354.54,0.0,INR,ios
O00024,U0002,29-01-2026,delivered,984.56,0.0,INR,web
O01563,U0370,2026/01/19,delivered,1882.19,0.0,INR,web
O01821,U0325,2026-02-12,delivered,10.9,0.0,USD,web
O00343,U0178,2026-02-20,shipped,2351.26,117.56,INR,web
O01400,U0229,2026-04-28,cancelled,2533.71,0.0,INR,web
O01791,U0255,2025-12-07,returned,19.77,0.0,USD,ios
O01217,U0287,2026-05-12,delivered,903.37,90.34,INR,android
O01765,U0039,2026-05-22,placed,6.56,0.66,USD,android
O01846,U0347,02-05-2026,shipped,29.9,0.0,USD,web
O00070,U0006,2026-07-20,shipped,3580.77,0.0,INR,ios
O01481,U0434,2026-07-04,returned,11.19,0.0,USD,web
O01562,U0272,2025-12-18,placed,9.97,1.0,USD,web
O01199,U0278,24-04-2026,shipped,3238.22,161.91,INR,web
O01517,U0176,01-11-2025,delivered,12.36,0.0,USD,web
O01976,U0229,2026-03-20,delivered,5589.91,0.0,INR,android
O01467,U0416,2025-05-17,delivered,32.25,0.0,USD,web
O01597,U0169,2026/07/18,delivered,1010.3,0.0,INR,web
O01085,U0399,2025-09-25,cancelled,12.33,0.0,USD,ios
O00618,U0241,2025-08-02,cancelled,562.83,0.0,INR,web
O02052,U0421,25-02-2026,returned,24.18,3.63,USD,web
O02082,U0021,2026-02-10,delivered,532.26,26.61,INR,web
O01699,U0318,17-07-2026,returned,315.91,0.0,INR,android
O00588,U0310,2025-07-04,cancelled,8.42,1.68,USD,web
O00929,U0004,2026-07-25,returned,1893.88,0.0,INR,ios
O01080,U0114,2026-01-04,delivered,2664.13,0.0,INR,web
O00570,U0361,2026/02/04,delivered,5155.11,515.51,INR,web
O01381,U0420,05-05-2026,returned,1279.75,191.96,INR,web
O02040,U0197,2026/04/25,placed,10.59,2.12,USD,ios
O00518,U0154,2026-01-02,shipped,14.84,0.0,USD,android
O00260,U0017,2026-07-21,delivered,5413.13,0.0,INR,android
O01479,U0297,2026-05-01,delivered,941.23,0.0,INR,android
O00477,U0249,2025/10/21,returned,6.74,0.0,USD,web
O01435,U0204,29-04-2026,delivered,366.84,55.03,INR,web
O01904,U0266,26-04-2026,returned,4.99,1.0,USD,web
O00074,U0146,03-02-2026,placed,5.77,0.29,USD,web
O02072,U0292,2026-05-03,shipped,20.25,0.0,USD,android
O01091,U0042,2026-05-27,cancelled,1343.98,268.8,INR,web
O01746,U0205,22-06-2026,returned,15.29,0.0,USD,ios
O01164,U0385,2026/03/19,delivered,1348.41,0.0,INR,android
O01965,U0360,04-05-2026,cancelled,8.24,1.24,USD,web
O00501,U0251,2026-01-25,cancelled,5042.24,0.0,INR,android
O01436,U0406,2026-07-23,cancelled,5629.24,562.92,INR,android
O00614,U0320,2025-06-14,delivered,320.17,0.0,INR,web
O01385,U0132,2025-10-30,cancelled,533.09,26.65,INR,android
O01187,U0361,2026-02-11,delivered,10.16,0.0,USD,web
O00625,U0209,2026/01/25,placed,9.05,1.81,USD,web
O01163,U0285,2025/12/15,returned,3442.42,0.0,INR,web
O00604,U0140,2026-03-13,cancelled,1679.86,0.0,INR,web
O00335,U0428,12-07-2025,shipped,3241.59,0.0,INR,android
O01297,U0232,18-06-2025,returned,5656.46,0.0,INR,web
O00067,U0332,2026-02-28,returned,14.25,1.43,USD,android
O00658,U0211,2026/05/29,delivered,863.46,0.0,INR,android
O01940,U0163,2026/02/28,returned,19.96,0.0,USD,android
O01620,U0240,2025-11-21,delivered,19.72,0.0,USD,android
O01041,U0402,2025-10-27,cancelled,2316.26,0.0,INR,ios
O00056,U0342,2026-05-13,placed,5268.06,0.0,INR,ios
O01495,U0354,2026-04-12,placed,20.08,0.0,USD,web
O02109,U9485,2026-05-23,shipped,3844.6,0.0,INR,web
O00139,U0159,12-06-2026,cancelled,1342.37,268.47,INR,ios
O02092,U0047,14-09-2025,delivered,506.18,0.0,INR,ios
O01215,U0403,2025-06-24,placed,2060.09,0.0,INR,ios
O00044,U0102,2026/01/22,shipped,8.93,0.0,USD,ios
O01545,U0222,20-06-2026,returned,15.87,0.0,USD,ios
O00075,U0176,14-01-2026,shipped,742.68,0.0,INR,web
O02100,U0362,2026-03-06,returned,910.99,0.0,INR,android
O01254,U0060,2026-01-20,placed,3126.28,0.0,INR,web
O00874,U0276,2026/07/01,cancelled,779.89,0.0,INR,web
O00047,U0314,2026/04/25,cancelled,1789.57,0.0,INR,ios
O01084,U0160,2026-05-14,shipped,1416.56,0.0,INR,web
O01596,U0251,2026-03-03,delivered,3021.4,0.0,INR,web
O00672,U0038,27-05-2026,placed,4758.89,237.94,INR,ios
O01861,U0241,2026-03-24,placed,3500.39,0.0,INR,web
O00694,U0222,19-06-2026,returned,2654.24,0.0,INR,web
O02008,U0380,2026-04-24,delivered,359.25,53.89,INR,android
O00028,U0387,2026-03-07,delivered,20.77,0.0,USD,android
O01889,U0334,2026-03-24,returned,22.3,1.11,USD,android
O00482,U0333,2026/05/25,delivered,2610.89,0.0,INR,android
O01027,U0119,2026-03-19,delivered,395.61,0.0,INR,web
O00850,U0313,2026-07-12,delivered,1283.74,0.0,INR,android
O00746,U0127,18-12-2025,delivered,667.83,0.0,INR,android
O01812,U0156,2025-10-07,delivered,1355.54,0.0,INR,android
O00962,U0337,2025/09/17,cancelled,2589.64,0.0,INR,web
O00546,U0164,2026-04-28,cancelled,8.1,0.0,USD,web
O00060,U0211,2026/04/13,delivered,962.94,0.0,INR,ios
O00939,U0429,2026-05-15,delivered,5097.45,509.75,INR,android
O01654,U0120,2026-02-05,delivered,32.27,0.0,USD,web
O00978,U0382,2025/08/27,shipped,319.13,15.96,INR,web
O01529,U0381,2026-07-06,delivered,2803.44,0.0,INR,android
O00114,U0256,2026-02-26,delivered,351.23,17.56,INR,android
O00248,U0136,2026-03-02,delivered,11.0,1.65,USD,web
O00092,U0056,19-06-2026,cancelled,976.89,195.38,INR,web
O00977,U0187,2026-04-16,delivered,4.99,0.0,USD,web
O02113,U9148,2026-07-15,cancelled,1375.05,0.0,INR,web
O00278,U0041,2026-01-16,shipped,5604.27,0.0,INR,android
O01607,U0343,2026-03-09,shipped,65.29,0.0,USD,ios
O01943,U0225,2026-07-14,delivered,2535.0,253.5,INR,android
O02015,U0238,2026-07-22,returned,4558.35,227.92,INR,web
O01489,U0363,18-02-2026,delivered,6.71,0.0,USD,web
O00156,U0003,2026-02-16,cancelled,1032.61,103.26,INR,web
O00188,U0129,2026-05-16,shipped,2855.59,0.0,INR,web
O01993,U0033,2026-03-15,returned,23.02,3.45,USD,android
O01738,U0143,2026/03/12,returned,4.99,0.25,USD,web
O01931,U0383,2026-04-17,delivered,3207.02,481.05,INR,web
O01105,U0230,2025-12-02,placed,4.99,0.5,USD,web
O00331,U0028,2026/05/05,placed,36.55,1.83,USD,ios
O00855,U0185,2026-02-25,placed,2342.93,0.0,INR,android
O00814,U0137,2026-05-08,returned,5.62,1.12,USD,web
O00152,U0019,2026-01-31,cancelled,4.99,0.0,USD,ios
O02086,U0288,08-07-2026,shipped,5.6,0.0,USD,ios
O01894,U0192,2026/04/13,shipped,3023.4,0.0,INR,web
O00334,U0090,01-06-2026,shipped,1710.82,85.54,INR,web
O01214,U0247,2026-05-05,returned,5.76,0.0,USD,web
O01854,U0009,14-12-2025,delivered,1374.49,206.17,INR,web
O01908,U0082,2026-04-02,returned,5650.74,0.0,INR,ios
O01339,U0393,24-06-2026,returned,4.99,0.0,USD,web
O00138,U0075,11-06-2026,placed,8.74,1.31,USD,web
O01700,U0258,2026-05-28,cancelled,4793.22,239.66,INR,web
O01329,U0243,2026-07-21,delivered,4.99,0.0,USD,ios
O00419,U0152,2026-03-01,delivered,4.99,0.5,USD,android
O00083,U0255,2025-08-04,delivered,2312.15,0.0,INR,ios
O00338,U0234,2026-07-15,delivered,4904.21,980.84,INR,android
O00176,U0414,2025-10-11,delivered,8.06,0.0,USD,web
O01662,U0145,2026-01-03,cancelled,550.33,0.0,INR,web
O00446,U0192,2026-07-04,delivered,352.27,0.0,INR,web
O01040,U0228,2026-07-06,placed,5014.46,250.72,INR,web
O01368,U0017,2026-06-27,cancelled,1271.39,0.0,INR,web
O00320,U0268,04-07-2026,returned,28.55,0.0,USD,web
O00950,U0172,2025-03-18,cancelled,6.56,0.0,USD,web
O01043,U0379,2026-05-18,placed,28.72,0.0,USD,ios
O00458,U0091,17-04-2026,returned,14.01,0.7,USD,ios
O00099,U0424,2025/08/22,delivered,11.88,0.0,USD,android
O00932,U0149,25-07-2025,delivered,1241.87,0.0,INR,ios
O01558,U0351,2026-07-17,delivered,455.21,0.0,INR,web
O00476,U0167,2026-02-05,shipped,325.38,0.0,INR,web
O01859,U0157,2026-04-24,returned,5.42,0.0,USD,ios
O00124,U0199,2026-07-21,returned,29.75,0.0,USD,web
O01373,U0102,2026/04/05,cancelled,5729.13,0.0,INR,android
O00081,U0308,05-11-2025,delivered,32.27,0.0,USD,android
O01687,U0049,2025/12/31,placed,940.64,0.0,INR,web
O00391,U0212,2026-07-09,delivered,4708.85,706.33,INR,android
O01438,U0017,09-07-2026,placed,2288.54,343.28,INR,web
O01204,U0093,2025-12-03,delivered,6.14,0.0,USD,web
O01276,U0280,2025-11-05,returned,61.9,0.0,USD,web
O01326,U0335,2026-06-22,delivered,4.99,0.0,USD,ios
O01592,U0386,2026-06-21,cancelled,5038.33,0.0,INR,web
O01635,U0407,2026/07/04,cancelled,32.7,0.0,USD,web
O00555,U0049,2026/03/04,placed,573.41,0.0,INR,android
O00367,U0360,2026/07/16,cancelled,1019.45,0.0,INR,ios
O01023,U0410,2026-04-18,delivered,8.17,0.0,USD,android
O01069,U0029,20-06-2026,delivered,4.99,1.0,USD,web
O01628,U0156,2026-04-18,delivered,1227.99,0.0,INR,web
O00821,U0336,2026/07/08,delivered,918.92,0.0,INR,android
O00360,U0372,2025-12-25,delivered,3231.76,323.18,INR,web
O01427,U0178,2025/11/03,delivered,477.64,0.0,INR,web
O00333,U0224,14-04-2026,shipped,2425.61,363.84,INR,ios
O01049,U0003,04-03-2025,delivered,2985.96,0.0,INR,android
O01216,U0256,2026-04-15,shipped,367.48,18.37,INR,ios
O00420,U0334,2025/07/04,delivered,4631.15,926.23,INR,ios
O01160,U0062,2026-01-07,cancelled,4.99,0.25,USD,ios
O00923,U0379,2025-12-05,delivered,14.5,0.0,USD,web
O01922,U0235,2025-11-23,delivered,33.31,0.0,USD,web
O01507,U0273,2025-06-06,delivered,1723.64,0.0,INR,ios
O00241,U0014,2026-04-01,placed,6.33,1.27,USD,ios
O01453,U0011,2026-03-02,delivered,1259.71,0.0,INR,ios
O01388,U0310,2025-08-10,returned,14.18,0.0,USD,ios
O00444,U0372,2026/01/17,shipped,6.35,0.0,USD,web
O00411,U0279,28-06-2026,shipped,720.99,144.2,INR,android
O01969,U0058,12-02-2026,cancelled,4688.55,0.0,INR,web
O00912,U0283,20-02-2026,returned,39.91,0.0,USD,android
O00973,U0263,2025-09-22,delivered,340.67,0.0,INR,web
O01536,U0004,2026-02-20,delivered,23.7,0.0,USD,web
O01713,U0358,2026-07-05,placed,2725.98,136.3,INR,web
O01663,U0299,2026-04-19,delivered,636.72,0.0,INR,web
O01433,U0372,2026-03-19,shipped,39.64,5.95,USD,web
O00942,U0077,2026-01-28,returned,5657.13,0.0,INR,ios
O01980,U0246,2025-11-27,returned,565.65,56.56,INR,android
O02096,U0027,2026-06-18,delivered,2731.77,0.0,INR,web
O01609,U0399,26-08-2025,returned,10.51,0.0,USD,android
O01236,U0091,2025-12-22,returned,63.91,0.0,USD,ios
O01630,U0325,2026-05-16,delivered,570.43,0.0,INR,ios
O00045,U0087,2026-06-04,cancelled,1165.57,0.0,INR,android
O01006,U0325,2026/05/10,placed,351.93,0.0,INR,web
O01012,U0075,2026-01-25,delivered,11.79,0.0,USD,web
O00040,U0003,2025-05-28,placed,2569.57,128.48,INR,web
O00179,U0273,27-05-2026,delivered,869.51,173.9,INR,android
O00554,U0182,10-06-2026,delivered,2454.36,122.72,INR,web
O00113,U0030,09-05-2026,delivered,5553.18,555.32,INR,web
O01169,U0007,2025-12-24,returned,2820.98,0.0,INR,web
O01409,U0160,2026-05-05,returned,2344.65,0.0,INR,android
O01062,U0019,11-07-2026,delivered,9.98,2.0,USD,web
O00396,U0211,13-06-2026,placed,3243.31,486.5,INR,web
O00822,U0018,2026-05-23,delivered,10.03,0.0,USD,web
O00776,U0264,14-05-2026,returned,30.75,0.0,USD,web
O00218,U0404,2025-10-14,placed,320.08,0.0,INR,android
O00935,U0015,2025-11-06,delivered,2005.1,0.0,INR,web
O00020,U0206,2025-04-29,cancelled,706.2,0.0,INR,web
O01126,U0286,2025-07-30,delivered,2593.46,0.0,INR,android
O00509,U0189,2026-07-11,placed,16.99,0.0,USD,web
O00506,U0224,2026/06/01,delivered,883.29,0.0,INR,android
O01880,U0270,21-11-2025,cancelled,1353.87,0.0,INR,web
O02122,U9534,2026/07/09,delivered,318.8,0.0,INR,ios
O01426,U0217,25-01-2026,returned,9.85,0.0,USD,ios
O01334,U0411,2025-10-09,placed,4.99,0.0,USD,web
O01640,U0358,02-06-2026,delivered,1015.96,203.19,INR,ios
O01268,U0127,2025/12/18,delivered,1992.61,0.0,INR,web
O00940,U0040,2026-05-30,shipped,13.64,0.0,USD,ios
O00048,U0307,2026/03/12,shipped,3112.42,0.0,INR,web
O01228,U0351,2026-06-01,shipped,360.43,0.0,INR,ios
O01723,U0051,2026-02-21,delivered,3251.45,487.72,INR,android
O01888,U0328,2026-07-24,delivered,4.99,0.0,USD,web
O00730,U0339,2026-06-05,delivered,21.2,0.0,USD,ios
O01708,U0325,2026-02-17,returned,6.21,1.24,USD,android
O01180,U0306,02-05-2026,cancelled,21.76,0.0,USD,web
O01172,U0316,23-10-2025,cancelled,36.52,0.0,USD,android
O00539,U0006,2026-05-27,returned,811.36,0.0,INR,android
O00902,U0132,2026-02-23,delivered,1151.88,0.0,INR,web
O01194,U0112,01-11-2025,cancelled,327.49,0.0,INR,ios
O00142,U0022,2025-07-24,delivered,1266.79,0.0,INR,android
O01905,U0094,2026-02-04,cancelled,526.39,0.0,INR,web
O00641,U0089,2026-05-20,delivered,63.33,0.0,USD,web
O01422,U0226,2026-07-08,delivered,4.99,0.0,USD,web
O01380,U0042,2025-09-28,shipped,315.09,0.0,INR,web
O01361,U0153,2026-02-24,cancelled,1803.16,180.32,INR,ios
O00887,U0060,2026-02-14,placed,816.63,0.0,INR,android
O01503,U0281,2025-09-17,shipped,62.32,0.0,USD,web
O00727,U0076,2025/07/13,returned,4.99,1.0,USD,web
O00918,U0243,2026-06-07,delivered,348.8,0.0,INR,android
O01303,U0183,2026/03/29,placed,562.34,112.47,INR,web
O00236,U0216,28-09-2025,cancelled,8.79,0.0,USD,web
O00631,U0152,23-01-2026,shipped,21.53,1.08,USD,android
O00034,U0129,2026-06-04,delivered,1271.06,0.0,INR,web
O01451,U0010,2026-06-28,shipped,15.15,1.52,USD,web
O01387,U0330,2025-10-13,placed,1372.68,137.27,INR,ios
O01794,U0026,2026-03-25,shipped,10.55,0.0,USD,android
O00922,U0408,2025-06-22,cancelled,947.98,0.0,INR,web
O01136,U0012,2026-05-20,placed,521.3,0.0,INR,ios
O01189,U0031,20-06-2026,delivered,14.13,2.83,USD,android
O00766,U0216,2026-03-09,cancelled,11.18,0.56,USD,android
O00461,U0119,2026-06-18,delivered,686.38,68.64,INR,ios
O01265,U0168,2026/05/18,placed,5440.39,0.0,INR,web
O00911,U0267,2026-06-06,delivered,5384.39,0.0,INR,web
O00621,U0189,2026-06-10,returned,9.01,0.0,USD,web
O00287,U0238,2026-06-18,delivered,67.3,0.0,USD,android
O00594,U0297,23-06-2026,delivered,325.64,0.0,INR,web
O00454,U0254,2026-06-27,delivered,373.86,56.08,INR,ios
O00749,U0395,2025/08/18,delivered,1279.64,127.96,INR,web
O01544,U0415,2026-06-18,shipped,699.34,69.93,INR,android
O00151,U0265,2025-11-13,placed,756.72,37.84,INR,web
O01899,U0301,2026-03-07,shipped,320.96,32.1,INR,android
O01227,U0199,2026-03-09,delivered,3275.49,0.0,INR,android
O00277,U0405,2025-05-30,returned,936.41,0.0,INR,web
O01073,U0333,2026-02-06,placed,2277.55,0.0,INR,ios
O02055,U0210,2025-09-19,delivered,30.28,0.0,USD,web
O01736,U0227,2025-08-28,delivered,3302.0,0.0,INR,android
O00223,U0013,2026-06-23,shipped,1166.57,58.33,INR,android
O01090,U0360,01-05-2026,cancelled,1173.1,175.96,INR,android
O00587,U0035,2025-08-02,returned,10.3,0.0,USD,ios
O01697,U0223,2026-04-21,cancelled,5046.1,504.61,INR,android
O01170,U0366,2025-08-06,returned,59.89,0.0,USD,ios
O01066,U0113,2026-06-08,delivered,719.81,0.0,INR,web
O01052,U0021,2025/08/30,delivered,43.9,0.0,USD,ios
O01818,U0129,2026-07-04,delivered,2808.8,140.44,INR,ios
O00639,U0187,22-05-2026,placed,2467.75,0.0,INR,android
O01283,U0402,2025/11/30,delivered,1765.73,88.29,INR,web
O01135,U0026,2026/06/13,delivered,5.75,0.0,USD,web
O00654,U0054,2026-05-10,shipped,486.2,72.93,INR,web
O00634,U0365,2026-05-21,returned,1957.75,0.0,INR,ios
O00896,U0424,2026-03-05,shipped,15.68,0.0,USD,ios
O01295,U0403,2025-10-06,delivered,339.38,0.0,INR,ios
O01684,U0376,2025/07/29,shipped,1242.86,248.57,INR,ios
O00370,U0386,02-06-2026,shipped,318.53,0.0,INR,web
O00745,U0396,2025-09-06,delivered,450.33,22.52,INR,ios
O00043,U0389,30-06-2026,returned,3471.84,0.0,INR,android
O01004,U0190,2026-06-02,delivered,705.11,105.77,INR,ios
O00670,U0427,2026-06-25,returned,1997.69,99.88,INR,web
O00734,U0040,25-02-2026,placed,644.11,0.0,INR,android
O00196,U0117,2026-02-22,placed,964.85,0.0,INR,web
O01930,U0329,2025-11-10,delivered,388.04,0.0,INR,web
O00057,U0282,23-09-2025,cancelled,635.67,0.0,INR,web
O01639,U0280,2026-03-01,delivered,24.19,2.42,USD,android
O01484,U0431,2026-03-29,shipped,549.95,0.0,INR,android
O01405,U0373,2026-03-14,delivered,2768.19,276.82,INR,ios
O01030,U0285,2025/09/18,returned,539.9,107.98,INR,ios
O00744,U0199,2025-08-25,delivered,12.08,0.0,USD,web
O00187,U0083,05-05-2025,returned,503.73,0.0,INR,ios
O00548,U0204,2026-07-22,delivered,1688.54,0.0,INR,web
O02001,U0025,2025/12/13,delivered,5205.32,0.0,INR,web
O01901,U0240,2025-11-11,delivered,22.67,1.13,USD,ios
O00149,U0378,2026/05/07,delivered,6.42,0.0,USD,android
O00877,U0018,2026-04-28,delivered,2311.34,0.0,INR,android
O00619,U0353,2026-03-19,delivered,1152.02,230.4,INR,web
O00125,U0107,2025/12/07,returned,55.64,0.0,USD,web
O00337,U0204,2025-07-09,returned,4.99,0.0,USD,web
O00217,U0160,2026-02-10,delivered,1735.22,0.0,INR,web
O00222,U0075,2025-09-09,returned,3622.38,0.0,INR,ios
O02051,U0044,2026-05-04,placed,544.46,0.0,INR,ios
O02089,U0139,13-04-2026,cancelled,831.93,0.0,INR,web
O01906,U0119,24-05-2026,delivered,369.55,0.0,INR,web
O01302,U0413,2026/05/21,cancelled,515.2,0.0,INR,web
O02033,U0375,2025-03-01,cancelled,357.01,35.7,INR,web
O00205,U0248,2026-02-20,shipped,9.94,0.0,USD,web
O00029,U0177,04-06-2026,delivered,24.37,0.0,USD,ios
O00851,U0160,17-01-2026,cancelled,342.76,0.0,INR,web
O00963,U0153,28-11-2025,cancelled,3609.46,0.0,INR,ios
O01075,U0197,01-09-2025,placed,68.88,3.44,USD,web
O00421,U0013,2026/04/24,shipped,6.75,0.0,USD,web
O00362,U0342,02-02-2026,delivered,464.95,23.25,INR,web
O01446,U0039,2025-09-11,shipped,3240.66,0.0,INR,web
O01802,U0275,2026-03-06,delivered,351.5,17.57,INR,web
O01509,U0105,25-03-2026,placed,31.73,1.59,USD,android
O00109,U0389,2026-05-29,returned,3212.47,0.0,INR,ios
O01760,U0097,2026/05/31,placed,1755.53,0.0,INR,ios
O01220,U0014,2026/04/22,delivered,59.5,0.0,USD,android
O01968,U0322,2026-06-13,delivered,1413.83,0.0,INR,web
O00630,U0385,2026-05-12,delivered,4.99,0.25,USD,web
O00764,U0180,2025/07/27,shipped,10.05,0.0,USD,ios
O01923,U0024,2026/02/16,delivered,63.07,3.15,USD,ios
O01541,U0431,2026-07-21,placed,514.5,77.17,INR,ios
O01711,U0188,2026-06-22,placed,655.6,65.56,INR,android
O01485,U0289,2025/09/28,placed,2358.1,117.91,INR,ios
O01356,U0421,2025/10/07,placed,2497.51,0.0,INR,ios
O01357,U0120,2026-07-04,delivered,20.81,0.0,USD,web
O00991,U0086,04-07-2026,delivered,6.79,0.0,USD,web
O01452,U0306,19-05-2026,delivered,38.37,0.0,USD,web
O00540,U0158,2026/05/18,placed,59.18,0.0,USD,web
O00199,U0153,2025-06-08,placed,2765.69,0.0,INR,web
O01979,U0405,2026-05-24,delivered,6.27,0.0,USD,android
O00209,U0075,2025-10-08,returned,20.6,0.0,USD,android
O00544,U0120,2026-03-28,delivered,6.82,0.0,USD,android
O01668,U0161,2026-05-24,placed,1998.01,299.7,INR,web
O01245,U0294,2026-04-18,delivered,6.03,0.0,USD,ios
O00516,U0168,16-07-2026,returned,537.75,0.0,INR,ios
O00778,U0240,22-12-2025,cancelled,39.66,0.0,USD,ios
O01709,U0145,2026-05-11,delivered,4654.36,0.0,INR,web
O01874,U0394,2026/06/28,placed,516.48,0.0,INR,web
O00326,U0107,2025-11-29,shipped,2302.98,0.0,INR,android
O01830,U0118,2025/12/25,delivered,735.0,0.0,INR,web
O01279,U0168,2026-03-15,shipped,5186.85,0.0,INR,web
O00817,U0366,2026/04/22,delivered,4.99,1.0,USD,android
O01235,U0189,04-07-2026,shipped,28.83,0.0,USD,web
O01622,U0090,05-05-2026,delivered,27.6,5.52,USD,web
O01477,U0002,2026-02-09,placed,2644.19,0.0,INR,ios
O00762,U0238,2026-07-05,delivered,11.01,0.0,USD,web
O00724,U0180,19-01-2026,shipped,34.06,0.0,USD,web
O00443,U0128,2026/03/18,delivered,4.99,0.0,USD,web
O01817,U0265,24-11-2025,cancelled,15.39,0.0,USD,web
O02043,U0115,2026-04-03,returned,2409.45,0.0,INR,ios
O00947,U0246,2026-05-19,shipped,5071.26,0.0,INR,web
O01389,U0096,2026-01-02,returned,2036.99,0.0,INR,ios
O00185,U0371,2026-05-21,cancelled,396.62,0.0,INR,web
O01238,U0371,2025-06-16,placed,399.36,0.0,INR,web
O01754,U0102,2026/03/04,delivered,1751.29,0.0,INR,web
O01637,U0320,2026-05-11,delivered,5030.93,0.0,INR,web
O00582,U0385,2026-01-20,delivered,30.27,0.0,USD,web
O00712,U0356,01-07-2026,shipped,486.35,72.95,INR,web
O02071,U0249,22-06-2026,shipped,40.42,0.0,USD,ios
O01130,U0222,2026-07-13,delivered,675.58,33.78,INR,web
O00786,U0169,2026/07/13,cancelled,3245.77,0.0,INR,web
O00913,U0125,2026-06-29,placed,1225.42,0.0,INR,android
O01550,U0322,2026-07-01,returned,1183.85,0.0,INR,android
O02107,U9508,2026-04-03,cancelled,738.04,0.0,INR,web
O02103,U9713,2026/04/18,delivered,43.35,0.0,USD,ios
O01501,U0379,2026-03-19,returned,43.46,0.0,USD,web
O01322,U0203,2026/06/04,placed,55.15,0.0,USD,web
O00013,U0398,11-06-2026,delivered,376.89,37.69,INR,web
O00227,U0014,17-06-2026,delivered,329.18,65.84,INR,web
O00622,U0018,2026-07-22,cancelled,45.5,0.0,USD,android
O01546,U0101,2026/03/22,cancelled,4933.99,246.7,INR,ios
O00700,U0253,2026-04-02,returned,3746.8,749.36,INR,web
O00091,U0207,2026-07-14,placed,2352.61,0.0,INR,android
O01250,U0127,2025-09-27,placed,362.67,36.27,INR,android
O01862,U0199,2026-05-14,shipped,722.79,0.0,INR,ios
O01588,U0175,2025-12-07,placed,65.67,3.28,USD,android
O01243,U0036,2025-02-12,placed,29.97,0.0,USD,ios
O01789,U0022,2026-04-25,returned,5.59,0.84,USD,android
O01224,U0391,2025-11-07,delivered,4.99,0.0,USD,web
O00191,U0420,2025-11-26,shipped,3169.67,0.0,INR,web
O01910,U0374,2026/06/19,delivered,827.26,0.0,INR,android
O02054,U0018,2026/04/28,delivered,4746.56,0.0,INR,android
O00589,U0424,2025/11/25,placed,20.68,0.0,USD,android
O01046,U0166,2025-10-06,placed,539.68,26.98,INR,web
O00101,U0308,2025/11/19,shipped,4.99,0.5,USD,ios
O00344,U0265,2025/09/27,delivered,23.45,0.0,USD,ios
O00456,U0225,2026-07-11,delivered,3446.45,0.0,INR,ios
O01836,U0224,2026-07-05,shipped,1299.16,129.92,INR,android
O00126,U0030,10-03-2026,delivered,4761.65,0.0,INR,ios
O02104,U9561,2026-04-21,delivered,775.4,0.0,INR,web
O01099,U0293,2026/02/18,placed,955.15,0.0,INR,web
O02061,U0016,2025/10/04,delivered,38.11,3.81,USD,web
O00981,U0232,2026-03-21,placed,4515.93,451.59,INR,android
O00273,U0032,09-07-2026,returned,5.4,0.0,USD,android
O01759,U0290,2025-07-07,delivered,21.55,0.0,USD,web
O01173,U0299,14-06-2026,returned,649.69,0.0,INR,android
O01424,U0116,2025-10-09,delivered,858.42,0.0,INR,web
O01122,U0409,2025-11-23,delivered,66.42,9.96,USD,ios
O00866,U0271,2026-04-29,placed,755.55,0.0,INR,ios
O01984,U0118,2026-06-03,delivered,4.99,0.0,USD,ios
O01845,U0265,2025-12-20,shipped,65.3,0.0,USD,web
O00382,U0251,2025-12-24,cancelled,4565.37,0.0,INR,ios
O01762,U0392,2026-04-28,cancelled,6.04,0.0,USD,web
O00752,U0304,2026-05-02,placed,1779.75,0.0,INR,android
O00885,U0380,2026-05-31,cancelled,692.09,138.42,INR,web
O01490,U0367,2025-08-14,placed,1262.74,0.0,INR,android
O01873,U0269,19-04-2026,delivered,3193.8,0.0,INR,web
O00623,U0126,2025-11-23,delivered,5.54,0.0,USD,web
O00129,U0102,2026-01-15,delivered,4.99,0.0,USD,web
O01987,U0363,2026-03-30,returned,3073.6,0.0,INR,web
O01667,U0283,01-06-2026,delivered,28.25,4.24,USD,web
O00401,U0312,2026/04/11,cancelled,7.93,0.0,USD,ios
O01348,U0012,13-02-2026,shipped,567.14,0.0,INR,web
O00958,U0409,2026-07-24,delivered,2862.56,572.51,INR,web
O00483,U0364,2025-10-09,returned,8.63,0.0,USD,web
O01421,U0410,2026-07-13,returned,4.99,0.0,USD,web
O00100,U0219,2025-12-20,delivered,6.68,0.0,USD,web
O01253,U0249,2026-04-01,delivered,658.24,131.65,INR,web
O00431,U0377,2025-10-22,cancelled,4654.14,0.0,INR,web
O00123,U0060,2026-02-09,shipped,1775.53,0.0,INR,web
O00780,U0090,2026/06/05,cancelled,4.99,0.5,USD,android
O00682,U0209,2026/02/06,delivered,2052.3,0.0,INR,web
O01118,U0153,2025-11-09,delivered,707.86,0.0,INR,android
O00197,U0016,04-12-2025,returned,4.99,0.0,USD,web
O01645,U0067,09-02-2026,delivered,6.1,0.3,USD,android
O02017,U0373,2026-07-05,shipped,641.32,0.0,INR,web
O00915,U0241,2025/05/27,delivered,466.16,0.0,INR,ios
O01488,U0129,18-07-2026,delivered,563.6,28.18,INR,android
O01790,U0289,2026-01-14,returned,5200.31,780.05,INR,web
O02003,U0207,2026-04-19,delivered,14.54,2.91,USD,web
O01994,U0194,2026-06-13,shipped,3379.1,0.0,INR,android
O01239,U0347,16-06-2026,delivered,10.3,0.0,USD,android
O00480,U0178,2026-03-19,delivered,651.79,97.77,INR,web
O00707,U0084,2026-06-17,shipped,2461.31,123.07,INR,android
O01533,U0159,2026-06-18,shipped,655.54,0.0,INR,ios
O00228,U0329,14-12-2025,cancelled,341.8,68.36,INR,web
O02007,U0271,18-04-2025,delivered,705.54,0.0,INR,web
O01459,U0126,2025/05/11,returned,29.48,1.47,USD,web
O01237,U0043,2026-02-23,delivered,957.17,143.58,INR,android
O01153,U0391,10-06-2025,cancelled,9.87,0.0,USD,web
O01341,U0328,22-07-2026,delivered,2315.07,0.0,INR,web
O00262,U0206,2026-02-08,delivered,377.11,0.0,INR,web
O01925,U0065,2025-11-05,delivered,1380.28,0.0,INR,web
O00153,U0363,12-09-2025,returned,65.36,0.0,USD,web
O00389,U0289,2025-06-17,cancelled,795.77,0.0,INR,ios
O00259,U0279,2026-02-18,returned,5584.59,0.0,INR,ios
O02063,U0251,2025-11-14,delivered,3075.5,0.0,INR,web
O00574,U0296,2026-03-20,shipped,6.21,0.31,USD,ios
O00763,U0384,2026/02/19,returned,13.54,0.0,USD,web
O00825,U0282,2025-09-22,delivered,2549.9,0.0,INR,android
O01340,U0238,2026-04-18,returned,9.44,0.0,USD,android
O00219,U0005,2026-06-25,returned,6.87,0.0,USD,web
O00591,U0341,2025-10-11,placed,1238.81,0.0,INR,android
O01799,U0269,2026/05/03,delivered,1287.06,0.0,INR,web
O00397,U0058,2026-03-25,delivered,714.46,0.0,INR,ios
O01679,U0367,2026/07/04,delivered,4648.67,0.0,INR,web
O01440,U0224,2026-05-08,delivered,2493.28,249.33,INR,web
O00281,U0273,2026-02-11,cancelled,461.73,46.17,INR,android
O00082,U0190,2026/06/08,delivered,891.86,89.19,INR,web
O01832,U0017,26-06-2026,delivered,2563.89,0.0,INR,ios
O01878,U0405,2025-10-08,delivered,1304.24,195.64,INR,ios
O01097,U0342,2026-07-11,delivered,1019.19,0.0,INR,ios
O01384,U0092,2026-07-03,delivered,475.2,0.0,INR,web
O02053,U0243,2026-07-24,returned,11.06,0.0,USD,ios
O00557,U0140,2025/11/17,cancelled,357.72,0.0,INR,web
O01698,U0298,2026-06-15,delivered,6.18,0.0,USD,android
O01065,U0129,2026-06-20,shipped,454.38,0.0,INR,web
O00880,U0248,2026/02/23,cancelled,16.73,0.0,USD,android
O00299,U0153,14-07-2026,delivered,3559.18,0.0,INR,web
O00423,U0397,18-03-2026,returned,1726.28,0.0,INR,web
O00517,U0272,2026-06-15,delivered,10.67,0.0,USD,web
O00390,U0222,2026-04-06,shipped,67.37,0.0,USD,android
O00323,U0219,2025-10-20,delivered,6.34,0.0,USD,android
O00692,U0251,2026-06-05,cancelled,66.39,0.0,USD,ios
O01776,U0368,2026/04/21,returned,2589.75,0.0,INR,android
O00318,U0214,2026-05-20,delivered,784.3,0.0,INR,ios
O01860,U0142,20-08-2025,delivered,23.93,0.0,USD,ios
O00301,U0265,2025-07-19,delivered,659.92,0.0,INR,web
O01781,U0125,2026-07-03,shipped,346.85,0.0,INR,web
O02077,U0359,13-01-2026,delivered,5310.7,0.0,INR,ios
O00306,U0068,2026-06-30,cancelled,963.33,192.67,INR,web
O01553,U0261,2026-06-13,returned,3085.48,0.0,INR,web
O02078,U0029,22-04-2026,cancelled,14.49,0.72,USD,web
O01088,U0039,2026-01-11,placed,5.44,1.09,USD,android
O01658,U0317,2025-11-28,delivered,834.29,0.0,INR,android
O00999,U0385,2025/10/28,delivered,22.47,0.0,USD,android
O02004,U0125,30-04-2026,delivered,3003.34,450.5,INR,android
O01200,U0378,2025-10-02,placed,4.99,0.75,USD,android
O01955,U0307,30-06-2026,delivered,1690.58,0.0,INR,web
O00015,U0315,04-06-2026,delivered,4.99,0.0,USD,android
O00265,U0026,2026-03-15,delivered,733.24,0.0,INR,ios
O01676,U0257,2025-12-11,shipped,61.1,0.0,USD,android
O01617,U0431,2026-05-21,cancelled,4982.43,0.0,INR,web
O01511,U0130,2026/04/02,delivered,8.7,0.0,USD,web
O01625,U0198,04-12-2025,shipped,2030.35,0.0,INR,web
O00979,U0359,2026-07-09,delivered,753.42,150.68,INR,web
O00363,U0146,2026-06-10,shipped,8.67,1.73,USD,web
O02083,U0067,2026-01-04,cancelled,9.32,0.0,USD,web
O00163,U0068,2026-06-22,delivered,462.19,0.0,INR,android
O00041,U0234,11-06-2026,cancelled,1278.58,255.72,INR,android
O00094,U0162,2026-05-25,delivered,4850.32,0.0,INR,web
O00221,U0155,23-07-2026,delivered,3508.65,0.0,INR,web
O00953,U0236,2026-06-07,shipped,3483.93,696.79,INR,ios
O00288,U0120,2025-11-07,placed,2275.34,341.3,INR,android
O01646,U0055,04-05-2026,cancelled,787.57,0.0,INR,web
O00748,U0112,2026-07-18,cancelled,1201.65,120.17,INR,ios
O02090,U0423,2026-05-28,delivered,5094.97,0.0,INR,ios
O01261,U0223,2026-06-15,returned,16.58,0.0,USD,ios
O01600,U0013,2026-05-14,cancelled,4.99,0.0,USD,android
O00699,U0358,2026/05/15,placed,876.76,175.35,INR,web
O01704,U0434,2026-06-19,delivered,10.33,1.03,USD,android
O00691,U0133,2025-05-23,returned,5.59,0.28,USD,android
O00647,U0255,2026/05/21,cancelled,20.26,0.0,USD,ios
O00545,U0352,2026-05-09,returned,3096.63,309.66,INR,ios
O00304,U0095,2025-09-28,cancelled,911.94,0.0,INR,ios
O01474,U0178,24-05-2026,returned,5143.83,0.0,INR,ios
O00875,U0008,30-11-2025,returned,4796.17,0.0,INR,web
O00417,U0107,2025-12-18,delivered,58.03,0.0,USD,web
O00161,U0377,2025-11-14,placed,1212.68,0.0,INR,android
O01915,U0401,2026/02/12,returned,5654.33,0.0,INR,android
O00633,U0086,2026/07/02,delivered,16.13,1.61,USD,ios
O00521,U0012,2026-06-19,shipped,367.35,0.0,INR,web
O00921,U0277,2026-07-20,returned,4505.14,0.0,INR,android
O01792,U0017,2026-06-15,delivered,784.23,117.63,INR,ios
O01571,U0106,2026-01-27,shipped,2031.13,0.0,INR,web
O00208,U0099,2025/11/02,placed,938.49,0.0,INR,ios
O01769,U0279,2026/04/05,shipped,7.7,0.39,USD,web
O00624,U0056,2026/02/27,delivered,1368.73,273.75,INR,android
O00816,U0324,2026-03-19,delivered,16.67,1.67,USD,web
O00802,U0045,2026-07-23,placed,2669.72,0.0,INR,web
O01798,U0017,17-07-2026,returned,4676.38,0.0,INR,android
O00952,U0037,2026-06-19,cancelled,3674.22,0.0,INR,web
O00364,U0250,2025-11-20,returned,559.56,55.96,INR,ios
O00898,U0362,2025/11/09,returned,17.06,0.0,USD,web
O02106,U9487,2026-03-24,cancelled,299.01,0.0,INR,ios
O01197,U0181,10-06-2026,delivered,398.83,0.0,INR,android
O01742,U0187,2025/10/23,cancelled,508.87,76.33,INR,web
O00690,U0061,2026-03-28,delivered,2031.32,0.0,INR,ios
O01870,U0118,2025-06-13,returned,9.09,1.82,USD,web
O00137,U0275,2026/04/12,delivered,1009.55,50.48,INR,ios
O01710,U0009,2025-11-29,delivered,667.23,133.45,INR,ios
O02108,U9886,16-06-2025,delivered,395.75,0.0,INR,web
O00871,U0067,2026/02/16,placed,489.15,73.37,INR,web
O00664,U0178,13-02-2026,cancelled,1003.51,0.0,INR,web
O00445,U0250,23-10-2025,delivered,531.15,26.56,INR,web
O00009,U0276,2026-06-26,delivered,59.38,0.0,USD,web
O00492,U0422,06-07-2026,delivered,910.81,136.62,INR,android
O01108,U0390,2026/02/13,delivered,14.61,0.0,USD,ios
O00709,U0166,2025/10/01,delivered,1892.14,0.0,INR,ios
O00295,U0242,2026-01-18,delivered,341.97,17.1,INR,web
O01985,U0296,2026-05-27,placed,30.57,6.11,USD,android
O01324,U0096,27-03-2026,delivered,743.96,148.79,INR,web
O02048,U0283,2026/01/10,cancelled,30.06,0.0,USD,web
O01816,U0386,2026-03-04,returned,2766.86,138.34,INR,web
O00203,U0240,2026-02-06,shipped,6.57,0.0,USD,web
O01247,U0362,2025-07-23,cancelled,4.99,0.0,USD,web
O00240,U0009,06-06-2026,delivered,2854.22,0.0,INR,web
O01703,U0374,2026-06-12,returned,2281.79,0.0,INR,ios
O00033,U0100,2025/04/11,returned,1807.36,0.0,INR,web
O02028,U0033,2026-02-03,cancelled,557.09,0.0,INR,android
O02111,U9487,2026/08/23,delivered,14.88,0.0,USD,ios
O01796,U0310,2026-04-15,cancelled,5.84,0.0,USD,ios
O00975,U0102,07-03-2026,delivered,41.7,0.0,USD,ios
O01117,U0320,2026-02-04,shipped,1884.43,282.66,INR,web
O01951,U0162,23-07-2026,delivered,363.9,72.78,INR,android
O01829,U0057,2026-05-16,delivered,1256.52,0.0,INR,android
O00849,U0281,22-12-2025,delivered,1411.84,0.0,INR,web
O00552,U0080,2026-02-11,delivered,1190.62,119.06,INR,web
O00605,U0086,08-07-2026,delivered,45.38,0.0,USD,web
O00005,U0072,30-01-2026,cancelled,1974.68,0.0,INR,web
O01498,U0322,2026-07-22,cancelled,871.83,87.18,INR,android
O00172,U0191,16-11-2025,cancelled,3251.77,0.0,INR,android
O00933,U0421,2026/04/30,cancelled,10.57,1.06,USD,ios
O00793,U0197,2026-01-30,delivered,984.36,147.65,INR,web
O00170,U0215,2025-08-24,delivered,953.98,0.0,INR,ios
O00319,U0061,2025-07-16,placed,12.07,1.81,USD,android
O01191,U0104,2025-10-18,delivered,844.88,0.0,INR,web
O00422,U0185,2026/04/07,placed,698.68,0.0,INR,ios
O00032,U0035,2025/03/01,delivered,8.44,0.0,USD,web
O01851,U0321,2026-01-31,delivered,1134.98,0.0,INR,ios
O01142,U0095,2026-03-30,returned,2067.31,0.0,INR,ios
O00566,U0108,2026-06-26,returned,333.87,0.0,INR,web
O00992,U0328,07-07-2026,returned,42.28,0.0,USD,web
O01528,U0401,2025/12/04,shipped,3085.83,308.58,INR,android
O00002,U0189,13-07-2026,cancelled,482.45,48.25,INR,ios
O00258,U0074,2026-02-15,delivered,762.99,114.45,INR,web
O01865,U0431,2026-07-12,delivered,731.25,146.25,INR,web
O00131,U0189,2026-06-17,cancelled,4.99,0.75,USD,web
O00282,U0043,2026/02/05,delivered,9.04,1.36,USD,web
O00201,U0162,2026/05/01,placed,920.52,0.0,INR,android
O00951,U0287,04-05-2026,placed,881.94,176.39,INR,ios
O01527,U0099,31-08-2025,cancelled,10.1,1.01,USD,web
O00665,U0387,2025-12-05,returned,43.51,6.53,USD,web
O01525,U0063,2025-12-29,delivered,16.41,0.0,USD,web
O01271,U0400,2026-02-09,returned,4.99,0.5,USD,web
O01093,U0148,2025-04-24,cancelled,4978.28,0.0,INR,ios
O00297,U0302,2026-05-26,returned,20.47,0.0,USD,android
O01468,U0409,2026-02-06,cancelled,364.49,36.45,INR,web
O00279,U0033,15-02-2026,delivered,682.34,0.0,INR,android
O00148,U0225,2026-07-15,delivered,830.17,0.0,INR,web
O00741,U0196,2026-05-24,returned,2816.51,0.0,INR,ios
O01031,U0175,2026-03-27,placed,33.41,0.0,USD,web
O01336,U0352,08-11-2025,placed,947.23,0.0,INR,web
O00487,U0387,2025/11/02,returned,5.59,0.0,USD,ios
O01921,U0242,2026-06-24,shipped,368.14,0.0,INR,android
O01470,U0274,2026/06/08,delivered,452.93,67.94,INR,web
O01316,U0046,2025/09/28,placed,1840.63,0.0,INR,web
O00781,U0067,2026/07/12,placed,30.69,0.0,USD,android
O00856,U0054,26-04-2026,shipped,1186.13,0.0,INR,web
O00693,U0247,17-02-2026,shipped,3139.73,0.0,INR,ios
O00586,U0237,16-02-2026,placed,653.06,0.0,INR,web
O01733,U0401,2025-03-31,delivered,3581.71,716.34,INR,web
O01462,U0247,2026-02-05,delivered,16.2,0.81,USD,android
O00824,U0067,2026-01-01,shipped,1347.42,202.11,INR,web
O01784,U0027,2026-06-05,returned,30.44,0.0,USD,android
O00795,U0402,04-01-2026,shipped,13.78,1.38,USD,web
O02075,U0209,06-11-2025,delivered,1387.06,0.0,INR,web
O00471,U0385,2026-06-08,shipped,386.09,0.0,INR,web
O01233,U0188,2026-06-03,cancelled,3093.22,0.0,INR,android
O00025,U0018,2026-04-15,delivered,15.06,0.0,USD,web
O00651,U0051,2026-04-23,shipped,1358.98,271.8,INR,android
O01478,U0317,2026-07-03,shipped,315.07,15.75,INR,web
O00491,U0178,23-05-2026,delivered,5357.57,535.76,INR,web
O00380,U0017,2026-07-21,delivered,518.29,0.0,INR,web
O01757,U0362,2025-11-01,delivered,8.84,0.0,USD,ios
O01815,U0343,23-04-2026,shipped,29.22,0.0,USD,web
O01538,U0038,2026-07-18,delivered,1423.51,0.0,INR,android
O02080,U0108,2025-12-19,cancelled,366.7,0.0,INR,android
O01849,U0097,29-01-2026,placed,353.46,0.0,INR,web
O00366,U0074,2026/03/22,delivered,3737.41,0.0,INR,android
O00789,U0150,2026/02/16,shipped,3520.41,0.0,INR,android
O01111,U0163,2026-03-16,delivered,1803.83,0.0,INR,android
O02121,U9411,2026-01-22,cancelled,2883.78,0.0,INR,web
O01037,U0425,2026-05-02,delivered,890.91,178.18,INR,ios
O00769,U0216,20-06-2025,delivered,945.56,141.83,INR,web
O01842,U0228,2025/11/14,returned,5032.57,0.0,INR,web
O01650,U0323,2026-02-24,cancelled,5.96,0.0,USD,web
O01805,U0158,25-12-2025,placed,993.31,49.67,INR,web
O01285,U0088,2026-05-07,shipped,2396.52,0.0,INR,android
O01132,U0097,2025-11-26,returned,1670.51,250.58,INR,web
O00266,U0118,2026-04-29,placed,934.74,0.0,INR,ios
O00130,U0161,2026-01-08,delivered,2626.39,0.0,INR,ios
O00927,U0192,02-07-2026,cancelled,1623.88,0.0,INR,web
O00571,U0135,2026-03-27,delivered,12.33,0.0,USD,ios
O00507,U0030,2026-03-18,delivered,5578.83,1115.77,INR,android
O00158,U0181,2026/07/24,placed,561.12,0.0,INR,web
O00805,U0134,09-01-2026,returned,1856.4,0.0,INR,web
O01771,U0007,2026-03-18,returned,2637.27,263.73,INR,web
O01138,U0038,2026-05-04,cancelled,932.73,0.0,INR,web
O00180,U0067,2026/02/15,cancelled,42.9,0.0,USD,ios
O00659,U0339,2026-06-20,delivered,2002.52,200.25,INR,android
O00403,U0144,15-01-2026,placed,468.49,93.7,INR,web
O01743,U0368,2026-03-10,shipped,2708.01,270.8,INR,ios
O01296,U0370,19-09-2025,delivered,3157.48,315.75,INR,ios
O01442,U0223,2026/07/02,shipped,64.76,0.0,USD,android
O01820,U0366,2026/03/21,delivered,4.99,1.0,USD,web
O01212,U0426,22-08-2025,shipped,1898.13,0.0,INR,ios
O00812,U0350,2025-07-02,returned,1977.47,0.0,INR,ios
O00352,U0428,2025-07-03,placed,801.19,0.0,INR,ios
O00955,U0143,2025-11-09,delivered,1431.86,0.0,INR,web
O00592,U0115,2026/01/31,shipped,3234.61,0.0,INR,ios
O00168,U0182,2026-07-11,delivered,741.6,0.0,INR,web
O00402,U0386,2026-05-24,delivered,3611.45,180.57,INR,android
O00954,U0393,14-06-2026,placed,2572.18,0.0,INR,web
O01920,U0379,2025-12-18,returned,470.4,0.0,INR,web
O01997,U0053,2025-09-21,placed,16.73,0.0,USD,web
O00645,U0152,2025-11-08,cancelled,1330.5,266.1,INR,android
O01431,U0376,2025-08-05,delivered,329.09,0.0,INR,android
O01631,U0324,2026-06-05,delivered,11.76,2.35,USD,web
O01827,U0053,2026-04-17,delivered,672.32,67.23,INR,web
O01623,U0056,2026-06-03,cancelled,5336.94,1067.39,INR,ios
O01728,U0324,2026-06-21,returned,3200.14,480.02,INR,web
O00339,U0119,29-05-2026,delivered,2610.8,391.62,INR,web
O00134,U0235,2026-02-17,delivered,993.4,99.34,INR,ios
O00881,U0382,2026-04-12,delivered,2483.94,0.0,INR,web
O00328,U0399,2026-05-20,shipped,1275.35,255.07,INR,ios
O01454,U0175,21-07-2025,cancelled,11.23,0.0,USD,android
O00394,U0299,2026-03-02,delivered,556.73,0.0,INR,ios
O00579,U0211,16-06-2026,delivered,2638.41,0.0,INR,web
O00809,U0158,2025-11-24,returned,10.12,0.51,USD,web
O00198,U0414,24-11-2025,delivered,4.99,0.5,USD,web
O00674,U0268,2025-11-21,returned,9.31,1.4,USD,android
O01432,U0054,2026-05-20,delivered,979.23,0.0,INR,web
O00408,U0048,2026-07-06,delivered,484.42,0.0,INR,ios
O01990,U0346,04-03-2026,placed,30.81,1.54,USD,android
O02112,U9761,2026-05-09,delivered,45.92,0.0,USD,web
O00949,U0021,2025-06-11,delivered,41.05,2.05,USD,android
O02010,U0072,2026-04-23,delivered,67.22,0.0,USD,android
O00285,U0022,2025/04/13,delivered,3696.21,0.0,INR,android
O01402,U0335,2026-07-14,returned,9.54,0.0,USD,web
O01652,U0232,29-07-2025,delivered,982.71,0.0,INR,ios
O01694,U0209,2025-05-17,delivered,6.83,0.0,USD,web
O01549,U0070,2026-03-07,cancelled,14.2,0.0,USD,web
O00112,U0171,2026-05-03,delivered,21.09,0.0,USD,ios
O00528,U0077,2026-05-19,delivered,42.38,0.0,USD,ios
O00754,U0373,2025-12-07,delivered,5179.48,0.0,INR,android
O01897,U0375,22-07-2025,delivered,1978.28,0.0,INR,web
O00011,U0363,2026-02-17,placed,1729.13,0.0,INR,android
O01487,U0021,2025-12-09,delivered,6.86,1.37,USD,web
O01825,U0057,17-07-2026,delivered,835.52,0.0,INR,ios
O00479,U0134,2026-02-04,returned,2013.19,301.98,INR,android
O00583,U0123,2025-10-03,returned,16.47,2.47,USD,ios
O01115,U0225,2026-05-05,returned,327.57,0.0,INR,android
O01584,U0307,2026-03-14,shipped,318.34,31.83,INR,web
O02068,U0200,17-07-2026,shipped,30.02,6.0,USD,ios
O01722,U0312,2025-12-24,returned,16.63,0.83,USD,web
O02088,U0053,2025/07/23,placed,54.4,0.0,USD,android
O01232,U0214,10-04-2026,placed,3414.04,170.7,INR,ios
O00473,U0162,2026/04/17,placed,1386.09,0.0,INR,web
O00162,U0343,2026-05-16,returned,7.79,1.17,USD,web
O01579,U0232,2026/02/15,delivered,3377.7,0.0,INR,web
O01572,U0024,2026-07-05,cancelled,6.87,0.34,USD,android
O02062,U0274,2026-07-03,shipped,640.29,0.0,INR,ios
O02073,U0043,2026/03/08,delivered,4.99,0.0,USD,web
O00959,U0393,2026-07-06,delivered,334.18,0.0,INR,ios
O01535,U0058,03-06-2026,returned,1776.29,0.0,INR,ios
O01366,U0391,2025-09-05,shipped,728.6,0.0,INR,web
O00980,U0022,2026-03-07,delivered,4.99,0.75,USD,web
O00584,U0113,2026-05-07,shipped,1897.76,0.0,INR,web
O00115,U0349,2026/04/30,returned,7.88,0.0,USD,web
O01013,U0248,2026-02-03,delivered,2361.23,354.18,INR,web
O00890,U0394,2026-07-07,delivered,457.92,91.58,INR,web
O01902,U0078,2026/04/25,returned,56.03,0.0,USD,ios
O00374,U0242,2026-03-13,delivered,33.88,1.69,USD,web
O00466,U0114,2025-10-03,cancelled,371.49,18.57,INR,ios
O02057,U0146,2025-12-15,delivered,950.73,0.0,INR,web
O00249,U0141,2026-02-22,delivered,1402.86,0.0,INR,ios
O02120,U9794,17-04-2025,returned,21.0,0.0,USD,android
O01682,U0162,2026/01/03,returned,3392.12,169.61,INR,web
O00080,U0366,2025-04-05,delivered,8.26,0.0,USD,ios
O00010,U0161,2026-01-31,shipped,3518.67,0.0,INR,web
O00858,U0181,2025/10/26,delivered,491.46,49.15,INR,web
O01257,U0060,15-03-2026,delivered,562.69,0.0,INR,android
O00233,U0039,2026/06/24,placed,1376.45,206.47,INR,web
O00901,U0344,2026-01-07,shipped,4794.42,0.0,INR,ios
O01903,U0274,2026-06-30,returned,4624.84,0.0,INR,android
O01428,U0211,2026-04-18,delivered,685.32,68.53,INR,android
O00609,U0288,16-07-2026,placed,6.85,0.0,USD,web
O01124,U0207,2026-06-19,delivered,523.36,0.0,INR,ios
O01256,U0423,02-08-2025,placed,4976.92,746.54,INR,web
O00327,U0241,16-10-2025,delivered,2767.34,0.0,INR,web
O00177,U0319,2026-02-04,placed,644.31,0.0,INR,web
O00914,U0399,2025-04-29,returned,9.81,0.0,USD,ios
O00475,U0151,2026/04/07,delivered,5303.98,0.0,INR,android
O00847,U0405,25-05-2025,cancelled,1403.91,140.39,INR,ios
O00888,U0415,2025-07-16,returned,900.93,135.14,INR,ios
O00761,U0345,27-03-2026,delivered,10.05,0.0,USD,ios
O01312,U0164,2026-04-05,shipped,24.28,0.0,USD,web
O00753,U0400,2026-06-06,placed,29.44,0.0,USD,web
O00957,U0209,2025-11-14,returned,6.09,0.61,USD,web
O00164,U0369,2026/03/28,delivered,500.97,0.0,INR,ios
O00561,U0371,2026-02-06,cancelled,2356.42,0.0,INR,web
O01219,U0355,2025/09/25,delivered,40.84,8.17,USD,web
O01318,U0385,2026/01/14,cancelled,1140.59,0.0,INR,web
O00472,U0041,23-05-2026,delivered,505.2,0.0,INR,web
O01496,U0037,2026-06-22,delivered,824.12,0.0,INR,ios
O01202,U0274,2026-07-12,returned,2010.19,0.0,INR,ios
O01803,U0196,2026-05-18,delivered,383.89,0.0,INR,ios
O01456,U0419,2026-02-25,delivered,4.99,0.0,USD,ios
O02091,U0159,30-06-2026,returned,483.2,96.64,INR,ios
O00424,U0176,2025-11-10,delivered,5.59,0.0,USD,web
O02032,U0195,2026-01-23,delivered,8.24,0.0,USD,android
O00310,U0157,2026-01-15,shipped,8.22,0.0,USD,web
O01168,U0376,2026-04-13,delivered,3787.73,189.39,INR,web
O00578,U0087,2025-06-11,returned,1360.33,0.0,INR,web
O02098,U0254,2026-07-01,delivered,5688.34,0.0,INR,android
O01685,U0187,02-04-2026,placed,34.11,0.0,USD,web
O01712,U0182,2026/07/15,delivered,4.99,0.0,USD,web
O00872,U0288,09-07-2026,shipped,3427.34,685.47,INR,web
O01939,U0362,2026-02-07,shipped,5.86,0.0,USD,web
O00559,U0010,2026-03-10,returned,4.99,0.0,USD,android
O00238,U0009,2025-10-29,placed,766.59,76.66,INR,web
O01638,U0311,28-05-2026,delivered,5.93,0.0,USD,ios
O00373,U0423,2026/03/31,cancelled,319.89,15.99,INR,android
O00945,U0350,2026/02/01,placed,1789.27,268.39,INR,android
O01112,U0403,03-04-2025,delivered,502.33,0.0,INR,web
O00250,U0009,15-10-2025,placed,1350.05,135.0,INR,web
O00460,U0014,2026-06-02,delivered,1648.08,0.0,INR,ios
O02013,U0247,2026-05-13,delivered,39.18,0.0,USD,ios
O00031,U0389,2025-08-11,delivered,2288.63,0.0,INR,android
O00711,U0066,2026-05-20,placed,61.49,6.15,USD,web
O00063,U0042,2025-10-03,delivered,3265.45,0.0,INR,web
O01246,U0100,06-10-2025,shipped,467.31,93.46,INR,web
O01175,U0214,2026-03-02,delivered,982.51,0.0,INR,ios
O00014,U0171,2026/06/02,delivered,6.17,0.0,USD,ios
O00689,U0421,11-10-2025,delivered,2029.78,0.0,INR,web
O00900,U0233,19-11-2025,shipped,5622.59,0.0,INR,web
O00255,U0419,2026/02/02,delivered,2865.61,286.56,INR,web
O01730,U0324,23-04-2026,shipped,39.61,7.92,USD,web
O00340,U0400,2026-06-15,placed,4.99,1.0,USD,ios
O00705,U0004,2026-07-23,shipped,848.96,0.0,INR,android
O00229,U0244,11-07-2026,shipped,2666.69,0.0,INR,android
O01374,U0265,2025-02-27,placed,325.71,0.0,INR,ios
O01406,U0177,2026-04-05,delivered,42.79,0.0,USD,android
O00513,U0104,2025-09-17,delivered,5038.43,0.0,INR,web
O00321,U0036,2025-10-26,delivered,5008.82,0.0,INR,ios
O00676,U0138,10-03-2026,delivered,1276.4,0.0,INR,web
O00119,U0377,23-11-2025,returned,364.21,0.0,INR,ios
O00171,U0299,2026/04/06,delivered,503.38,0.0,INR,android
O00284,U0232,14-08-2025,delivered,4531.0,906.2,INR,android
O00350,U0114,2025-04-04,returned,511.38,51.14,INR,web
O00325,U0113,2026-06-16,delivered,474.97,23.75,INR,ios
O01145,U0091,2026-04-22,delivered,1836.05,0.0,INR,web
O02050,U0146,2026-02-13,delivered,24.57,3.69,USD,web
O02022,U0239,30-03-2026,returned,3318.18,331.82,INR,ios
O00073,U0328,2026/07/04,placed,5152.96,257.65,INR,ios
O01729,U0418,2026-07-12,delivered,56.7,11.34,USD,web
O01695,U0006,16-06-2026,placed,2782.85,0.0,INR,ios
O00453,U0040,13-03-2026,returned,10.51,2.1,USD,ios
O01390,U0180,2025/05/04,returned,13.84,0.0,USD,web
O00270,U0249,2026-06-08,delivered,4.99,0.5,USD,ios
O01753,U0092,2026-02-01,delivered,1711.04,0.0,INR,ios
O01328,U0273,2026/01/19,shipped,6.33,0.0,USD,android
O01460,U0294,2026-05-04,delivered,17.02,0.0,USD,web
O00036,U0389,2026-05-17,delivered,2329.23,465.85,INR,web
O00292,U0156,2026-03-30,returned,996.77,0.0,INR,web
O01407,U0339,25-07-2026,cancelled,12.35,0.0,USD,web
O00376,U0060,2026-07-15,delivered,3493.31,524.0,INR,android
O02030,U0279,2026-02-27,returned,4606.13,0.0,INR,ios
O00782,U0259,01-04-2026,delivered,14.85,2.23,USD,android
O01590,U0379,2026-02-18,placed,2628.26,0.0,INR,ios
O00636,U0116,2026-05-15,delivered,1015.81,50.79,INR,web
O00655,U0022,2026-05-15,delivered,33.35,0.0,USD,web
O01755,U0411,2025-10-11,placed,6.57,0.99,USD,android
O01186,U0233,2026-05-25,delivered,8.27,0.83,USD,android
O01868,U0397,18-01-2026,returned,14.83,0.0,USD,web
O01001,U0186,2026-06-02,returned,4605.38,0.0,INR,android
O01398,U0122,2026/06/24,delivered,1021.09,0.0,INR,web
O00135,U0115,2026-05-13,shipped,54.86,10.97,USD,ios
O00538,U0418,2026-03-25,shipped,60.52,0.0,USD,web
O00985,U0031,2025-07-12,shipped,17.15,0.0,USD,android
O00845,U0255,2025-05-05,placed,1411.88,0.0,INR,web
O01701,U0432,2026-07-07,placed,5.49,0.55,USD,web
O00104,U0093,2025-07-01,delivered,57.68,0.0,USD,ios
O01211,U0258,2026-06-25,delivered,1310.64,0.0,INR,web
O02070,U0207,2026-04-23,shipped,8.19,1.64,USD,web
O00400,U0120,2026-05-03,shipped,4572.83,0.0,INR,ios
O01003,U0352,2025-11-04,delivered,704.29,0.0,INR,web
O00759,U0026,27-03-2026,cancelled,28.68,0.0,USD,web
O00565,U0397,2026/07/21,shipped,58.86,0.0,USD,web
O01949,U0263,01-06-2026,delivered,466.01,0.0,INR,web
O00785,U0078,2026-03-09,returned,22.83,4.57,USD,ios
O01021,U0355,2026-04-23,returned,3059.64,458.95,INR,android
O00200,U0033,2026-07-11,delivered,388.31,0.0,INR,android
O01255,U0268,2025/12/18,placed,6.33,0.0,USD,web
O00051,U0356,2026-06-15,cancelled,14.8,0.0,USD,ios
O01201,U0431,06-10-2025,shipped,3171.0,0.0,INR,ios
O01016,U0187,17-03-2026,delivered,4.99,0.0,USD,web
O01786,U0054,2026-05-06,placed,1654.37,0.0,INR,android
O00803,U0350,2026-06-08,shipped,777.04,77.7,INR,web
O00027,U0151,2026-01-25,delivered,5391.63,539.16,INR,android
O00341,U0063,2026/02/19,shipped,32.55,0.0,USD,ios
O00715,U0248,2026-05-03,delivered,640.32,0.0,INR,web
O01465,U0221,2025-10-05,delivered,29.05,0.0,USD,web
O01967,U0369,2026-05-17,delivered,799.74,119.96,INR,web
O01502,U0044,2026-07-16,delivered,1154.11,173.12,INR,android
O01659,U0397,2026/01/05,delivered,3413.11,511.97,INR,web
O01064,U0067,15-07-2026,delivered,4663.05,0.0,INR,web
O01522,U0086,2026-07-11,cancelled,3596.74,719.35,INR,web
O00136,U0042,2026-05-06,delivered,1364.51,0.0,INR,android
O01140,U0066,2026/02/26,delivered,6.63,0.0,USD,web
O01473,U0226,2025-04-29,returned,57.02,5.7,USD,web
O01909,U0395,2025-07-07,delivered,4778.46,0.0,INR,android
O00537,U0163,25-05-2026,placed,33.23,0.0,USD,web
O00733,U0380,2026-03-21,delivered,3213.87,160.69,INR,ios
O01337,U0181,2025-10-07,delivered,549.78,82.47,INR,web
O02094,U0187,09-03-2026,delivered,6.59,0.0,USD,web
O01748,U0152,2026-02-11,placed,5.43,0.0,USD,android
O00190,U0122,27-06-2026,delivered,517.51,77.63,INR,android
O01741,U0092,2026-07-09,returned,3074.22,0.0,INR,android
O00657,U0001,2026-01-19,placed,3550.79,0.0,INR,web
O01144,U0361,2026-04-27,returned,4.99,0.0,USD,web
O00889,U0147,2025-12-27,shipped,5707.21,0.0,INR,web
O01264,U0289,29-10-2025,delivered,726.76,0.0,INR,web
O01092,U0360,2026-05-25,delivered,339.63,67.93,INR,android
O01927,U0045,2026-06-27,cancelled,27.14,0.0,USD,android
O01025,U0409,2026-04-07,delivered,529.62,0.0,INR,web
O01970,U0017,2026-05-31,delivered,2342.24,0.0,INR,ios
O00061,U0310,2025-09-26,cancelled,23.96,0.0,USD,web
O01575,U0053,01-08-2025,delivered,2038.85,305.83,INR,ios
O01543,U0067,2025/12/10,delivered,36.35,0.0,USD,web
O00069,U0216,2025-04-02,shipped,32.21,0.0,USD,android
O01174,U0010,2026/07/15,cancelled,8.18,0.82,USD,web
O00085,U0086,2026-07-01,placed,23.36,0.0,USD,ios
O01510,U0412,2026/07/07,cancelled,505.03,0.0,INR,web
O01401,U0271,18-05-2025,delivered,511.0,0.0,INR,web
O00716,U0026,2026-03-31,delivered,42.72,0.0,USD,android
O01190,U0281,04-10-2025,delivered,30.45,1.52,USD,web
O01691,U0049,2026-06-26,shipped,3358.47,0.0,INR,ios
O01764,U0378,2026-04-13,delivered,869.16,0.0,INR,android
O02012,U0103,2026/07/23,placed,686.14,0.0,INR,web
O01611,U0201,2026-04-30,delivered,5048.06,252.4,INR,web
O00908,U0019,2025-10-30,shipped,10.24,0.51,USD,web
O00182,U0238,2026-02-26,returned,4776.79,955.36,INR,ios
O00409,U0043,2026-03-29,returned,6.37,0.0,USD,web
O01774,U0224,2026/05/19,delivered,2055.83,308.37,INR,web
O00846,U0140,2026-05-08,shipped,491.29,0.0,INR,ios
O00743,U0313,2026/05/17,shipped,1885.07,0.0,INR,android
O01996,U0382,2025-12-18,delivered,1289.42,128.94,INR,web
O00059,U0094,23-02-2026,cancelled,333.55,0.0,INR,web
O01252,U0263,23-02-2026,delivered,757.13,0.0,INR,ios
O01989,U0245,11-11-2025,placed,672.32,0.0,INR,web
O01721,U0423,2026-04-12,delivered,368.98,55.35,INR,web
O01737,U0294,2026/02/24,cancelled,22.13,0.0,USD,web
O00174,U0008,18-07-2026,delivered,2480.24,124.01,INR,web
O00392,U0085,2026-05-21,returned,24.3,2.43,USD,android
O01877,U0066,2026-05-14,cancelled,61.3,0.0,USD,ios
O00681,U0370,2026-05-18,placed,3422.11,0.0,INR,ios
O01643,U0336,2026-01-09,placed,344.54,0.0,INR,android
O00522,U0349,2026-05-20,delivered,458.91,0.0,INR,web
O01866,U0028,2026-02-12,placed,11.07,0.0,USD,web
O01439,U0309,2026/05/23,shipped,8.51,0.0,USD,android
O00300,U0213,2026-03-20,delivered,1857.86,0.0,INR,android
O00077,U0116,2026-05-11,shipped,565.91,0.0,INR,web
O01314,U0103,2025-07-29,placed,1848.62,277.29,INR,web
O01355,U0217,2026-06-13,delivered,1787.15,0.0,INR,web
O01231,U0073,2026-06-16,delivered,64.72,0.0,USD,ios
O00289,U0379,23-04-2026,delivered,464.69,0.0,INR,web
O00006,U0093,2025-11-22,cancelled,2640.48,0.0,INR,android
O00688,U0173,2026/07/13,cancelled,2777.36,0.0,INR,web
O01998,U0021,2026-02-15,returned,32.05,0.0,USD,android
O01924,U0085,2026-03-14,placed,15.89,1.59,USD,web
O01686,U0123,2025/10/09,delivered,36.17,3.62,USD,web
O00598,U0281,19-07-2026,placed,6.37,0.0,USD,web
O00102,U0218,2026-02-15,shipped,9.65,0.0,USD,ios
O00760,U0363,2026-03-04,cancelled,1221.56,61.08,INR,web
O00293,U0222,2026/07/02,shipped,5.8,0.0,USD,web
O01505,U0093,2026/07/15,cancelled,4.99,0.0,USD,ios
O00859,U0428,2025-06-25,shipped,3557.63,0.0,INR,web
O02035,U0416,2026-02-15,delivered,775.25,77.53,INR,web
O00801,U0171,2026-04-17,returned,4.99,0.0,USD,web
O01011,U0292,2026-07-24,returned,15.33,0.77,USD,ios
O01288,U0114,2025-10-09,delivered,779.49,155.9,INR,web
O00272,U0187,2026-03-13,cancelled,5.64,0.0,USD,web
O00078,U0300,2025-12-22,returned,23.58,0.0,USD,ios
O01083,U0370,2025-12-24,shipped,1975.26,0.0,INR,android
O01717,U0392,2026-02-03,delivered,774.94,116.24,INR,web
O00239,U0392,26-05-2026,shipped,39.75,7.95,USD,web
O00575,U0023,2025/08/10,placed,809.79,161.96,INR,ios
O00535,U0150,11-02-2026,delivered,3298.99,0.0,INR,web
O00687,U0085,2026-04-11,cancelled,29.89,1.49,USD,web
O01425,U0060,2026-07-12,placed,821.48,0.0,INR,ios
O01152,U0418,2026-04-06,delivered,4.99,0.25,USD,web
O00549,U0163,19-06-2026,delivered,13.94,0.0,USD,web
O01437,U0207,10-04-2026,delivered,9.53,0.0,USD,web
O00496,U0252,07-04-2026,delivered,2989.5,0.0,INR,android
O00576,U0338,2026-02-03,placed,330.4,0.0,INR,android
O01133,U0232,14-12-2025,shipped,10.29,0.0,USD,web
O01472,U0360,2026-06-11,returned,8.02,0.0,USD,web
O00562,U0060,2026-07-16,shipped,753.2,0.0,INR,android
O01230,U0014,2026/06/30,returned,19.62,0.0,USD,web
O00486,U0244,2026-07-10,delivered,557.1,0.0,INR,ios
O02105,U9605,26-06-2026,cancelled,5.59,0.0,USD,web
O01335,U0325,31-01-2026,delivered,31.11,0.0,USD,ios
O00865,U0340,2026-06-19,placed,2479.4,495.88,INR,web
O00211,U0042,2025-09-17,delivered,918.86,0.0,INR,web
O01942,U0018,2026-06-02,shipped,17.07,0.0,USD,web
O01670,U0313,2026-07-10,returned,323.75,48.56,INR,ios
O00520,U0396,05-02-2026,delivered,3259.57,0.0,INR,web
O00178,U0414,2026-03-17,placed,4.99,0.0,USD,web
O02025,U0375,2025/05/17,delivered,4519.76,0.0,INR,ios
O00192,U0414,03-07-2026,delivered,21.85,0.0,USD,android
O01523,U0367,2025/08/03,delivered,2866.39,0.0,INR,ios
O01146,U0284,2026-02-05,delivered,17.19,3.44,USD,web
O01804,U0375,2025-12-12,returned,506.32,0.0,INR,web
O00678,U0405,10-09-2025,shipped,395.15,0.0,INR,android
O01475,U0076,2025-10-24,cancelled,20.85,0.0,USD,web
O01991,U0111,2026-05-17,delivered,24.57,4.91,USD,web
O01128,U0255,2025-09-03,placed,382.55,0.0,INR,web
O00967,U0408,2025-07-28,delivered,5540.37,554.04,INR,web
O01610,U0102,2026-07-05,returned,56.98,11.4,USD,android
O00387,U0237,22-06-2026,delivered,5.91,0.0,USD,web
O01649,U0356,2026-07-19,shipped,16.77,0.0,USD,android
O01937,U0020,30-03-2026,returned,3245.41,324.54,INR,ios
O01714,U0210,2026/06/23,placed,12.16,0.0,USD,ios
O00432,U0408,2025/09/01,delivered,1980.06,0.0,INR,android
O01653,U0387,2025-11-30,delivered,4.99,0.0,USD,ios
O01148,U0204,19-06-2026,delivered,556.14,111.23,INR,ios
O01928,U0104,2025/08/30,delivered,1030.21,206.04,INR,android
O01184,U0052,11-08-2025,delivered,1413.7,0.0,INR,android
O00494,U0348,2026-07-10,delivered,464.69,92.94,INR,android
O00970,U0425,23-05-2026,delivered,21.3,1.07,USD,web
O00224,U0287,2025-09-05,delivered,1799.24,0.0,INR,web
O00925,U0048,04-07-2026,returned,556.64,55.66,INR,web
O00173,U0146,2026-07-24,placed,4.99,0.0,USD,android
O01963,U0050,2025-06-20,shipped,5.58,0.56,USD,web
O00997,U0209,2026/02/08,delivered,9.94,0.0,USD,android
O00886,U0377,28-12-2025,delivered,3310.49,0.0,INR,web
O02031,U0150,2026-05-10,shipped,2496.31,0.0,INR,android
O01618,U0426,18-02-2026,placed,565.35,84.8,INR,web
O00773,U0364,2025/06/01,placed,943.59,0.0,INR,web
O00359,U0171,12-05-2026,shipped,2873.07,0.0,INR,web
O00806,U0368,2026/06/13,delivered,2706.54,0.0,INR,android
O01948,U0209,12-03-2026,delivered,553.63,110.73,INR,web
O01540,U0301,2026-04-03,delivered,760.32,114.05,INR,ios
O00183,U0190,2026-07-11,placed,818.77,0.0,INR,android
O01887,U0347,2026-04-18,returned,14.23,0.0,USD,web
O01582,U0016,09-05-2026,placed,19.64,0.0,USD,android
O00596,U0336,21-05-2026,placed,1307.43,0.0,INR,web
O01375,U0158,2026/06/28,delivered,17.11,0.0,USD,web
